ID,Name,date,Mean,Low,High,AOR,AWS,ATM
119,¼ö¿ø,2019-12-04,2.6,-1.7,8.2,2.6,1.3,1024.6
119,¼ö¿ø,2019-12-05,-3.2,-7.9,1.3,,3.1,1031.5
119,¼ö¿ø,2019-12-06,-5.6,-10.8,-0.4,,1.4,1031.4
119,¼ö¿ø,2019-12-07,-1.7,-6.3,2.9,0,1.1,1025.1
119,¼ö¿ø,2019-12-08,-1.2,-6.8,5.2,,0.9,1024
119,¼ö¿ø,2019-12-09,3.4,-2.8,8.4,,1.8,1018.6
119,¼ö¿ø,2019-12-10,7.2,2.4,11.6,1.6,1,1014.5
119,¼ö¿ø,2019-12-11,6,0.9,9.5,0.7,3.4,1013.4
119,¼ö¿ø,2019-12-12,-0.4,-3.2,4,,2.1,1024.2
119,¼ö¿ø,2019-12-13,1.7,-4.7,6.2,0.9,1.5,1022.1
119,¼ö¿ø,2019-12-14,2.5,0.1,6.4,2,1.8,1023.3
119,¼ö¿ø,2019-12-15,4.9,-2,11.8,,1.2,1024.1
119,¼ö¿ø,2019-12-16,8.2,-0.2,14.3,0,1,1018
119,¼ö¿ø,2019-12-17,7.7,4,10.5,6.2,2.1,1011.5
119,¼ö¿ø,2019-12-18,1,-1.3,4.9,,1.9,1019.4
119,¼ö¿ø,2019-12-19,-0.3,-3.3,4,,1.7,1021.5
119,¼ö¿ø,2019-12-20,-1.1,-4.3,3.1,0,1.8,1024.8
119,¼ö¿ø,2019-12-21,-1.1,-5.9,3.3,0.3,0.9,1022.7
119,¼ö¿ø,2019-12-22,3.9,-0.4,8.5,0,1.1,1016.1
119,¼ö¿ø,2019-12-23,3.2,-0.5,5.2,3.7,1.6,1017.6
119,¼ö¿ø,2019-12-24,0.6,-3.8,6.8,,0.9,1022.6
119,¼ö¿ø,2019-12-25,1.3,-4.4,7.3,,0.7,1019
119,¼ö¿ø,2019-12-26,2,-1.5,3.7,1.8,2.2,1013.2
119,¼ö¿ø,2019-12-27,-1.1,-4.9,2.9,,1.7,1020.4
119,¼ö¿ø,2019-12-28,0.6,-4.3,6.1,,1.4,1023.9
119,¼ö¿ø,2019-12-29,3.2,-1.3,6.2,0.6,2.1,1020.9
119,¼ö¿ø,2019-12-30,3.1,-4.2,7,0.5,2.6,1019.3
119,¼ö¿ø,2019-12-31,-6.9,-9.7,-3.7,0,3.1,1029.9
119,¼ö¿ø,2020-01-01,-2.2,-6.3,0.3,0,1.2,1027.5
119,¼ö¿ø,2020-01-02,1.3,-0.3,3.2,,0.7,1024.9
119,¼ö¿ø,2020-01-03,-0.1,-3.9,5.2,,1.3,1022.6
119,¼ö¿ø,2020-01-04,1.3,-4.9,7.6,,1.3,1021.5
119,¼ö¿ø,2020-01-05,0.1,-5.9,6.3,,0.9,1025.8
119,¼ö¿ø,2020-01-06,3.5,-1.8,4.9,3.9,2.1,1021
119,¼ö¿ø,2020-01-07,7.7,4.9,12.2,50.8,2,1004.8
119,¼ö¿ø,2020-01-08,2.9,0.1,11.7,4.4,4.1,1010.1
119,¼ö¿ø,2020-01-09,-0.3,-3.1,3.1,,2.1,1019.6
119,¼ö¿ø,2020-01-10,-0.7,-4.6,4.5,,1,1019.1
119,¼ö¿ø,2020-01-11,-0.2,-3.8,4.5,,1.4,1015.6
119,¼ö¿ø,2020-01-12,-0.5,-3.9,2.4,,1.9,1013.8
119,¼ö¿ø,2020-01-13,-2,-4.6,0.6,,2.1,1018.6
119,¼ö¿ø,2020-01-14,-2,-6.1,3.2,,1.2,1021.2
119,¼ö¿ø,2020-01-15,-2.5,-7,2.3,,1.6,1023.9
119,¼ö¿ø,2020-01-16,-2,-6.9,4.1,,1.5,1022.5
119,¼ö¿ø,2020-01-17,-1.1,-5.6,4.8,,1,1018.7
119,¼ö¿ø,2020-01-18,-0.5,-5.3,5.6,,1.1,1017.1
119,¼ö¿ø,2020-01-19,1.7,-2.1,5.9,0.4,2,1014.4
119,¼ö¿ø,2020-01-20,1.2,-2.8,5.7,0,2.5,1018.5
119,¼ö¿ø,2020-01-21,-0.7,-5.9,5.4,,1,1025
119,¼ö¿ø,2020-01-22,2.1,-1.3,5.1,0,1.1,1020.7
119,¼ö¿ø,2020-01-23,4.1,-1.4,10.7,,1.5,1019.4
119,¼ö¿ø,2020-01-24,2.4,-2.2,9.2,,1.4,1025.5
119,¼ö¿ø,2020-01-25,2.8,-2.2,9.1,,0.9,1024.6
119,¼ö¿ø,2020-01-26,5.3,-2.7,11.9,,2,1022.1
119,¼ö¿ø,2020-01-27,5.9,3.5,8.1,1.4,2.8,1015.9
119,¼ö¿ø,2020-01-28,7.4,3.9,11,0.1,1.7,1013.3
119,¼ö¿ø,2020-01-29,6.2,1,11.4,,1.2,1011
119,¼ö¿ø,2020-01-30,5.3,0.7,10.5,,1.5,1010.3
119,¼ö¿ø,2020-01-31,2.9,-0.5,7.5,,1.6,1015.2
119,¼ö¿ø,2020-02-01,1.9,-2.2,7.7,,1.6,1019.6
119,¼ö¿ø,2020-02-02,1,-3.5,5.8,0,1.2,1021
119,¼ö¿ø,2020-02-03,-0.1,-2.9,3,0.1,2.6,1022.6
119,¼ö¿ø,2020-02-04,-1,-7,5.1,1.1,2.4,1021.9
119,¼ö¿ø,2020-02-05,-7.2,-9.9,-2.4,,3.4,1027.2
119,¼ö¿ø,2020-02-06,-6.3,-11.9,0.2,,1.2,1029.2
119,¼ö¿ø,2020-02-07,-1.5,-7.9,2.8,0,1.4,1024.8
119,¼ö¿ø,2020-02-08,0.4,-2.2,4.6,,2.8,1022.8
119,¼ö¿ø,2020-02-09,-0.9,-7,3.9,,1.6,1021
119,¼ö¿ø,2020-02-10,3.2,-1.9,10.5,,1.2,1019.4
119,¼ö¿ø,2020-02-11,5.9,-2.9,14.5,,1.1,1022.2
119,¼ö¿ø,2020-02-12,7.3,5.3,8.4,10.5,1.3,1012.2
119,¼ö¿ø,2020-02-13,5.9,3.6,7.6,,1.2,1014.9
119,¼ö¿ø,2020-02-14,6.5,2,13.3,,1,1016.2
119,¼ö¿ø,2020-02-15,8.7,3,15.3,1.7,1.9,1013.1
119,¼ö¿ø,2020-02-16,-1.1,-3.7,5,8,3.9,1009.2
119,¼ö¿ø,2020-02-17,-4.8,-6.6,-3.1,0.4,3.7,1013.8
119,¼ö¿ø,2020-02-18,-3.6,-7.9,1.5,,1.9,1022.9
119,¼ö¿ø,2020-02-19,1.1,-4.7,6.3,,0.9,1025.4
119,¼ö¿ø,2020-02-20,4.4,-0.5,11.6,,1.1,1028.6
119,¼ö¿ø,2020-02-21,6.5,0.4,11.9,5.1,1.4,1024.6
119,¼ö¿ø,2020-02-22,4.4,0.4,8,4.5,4.7,1020.7
119,¼ö¿ø,2020-02-23,2.2,-3.5,7.8,,1.7,1024.5
119,¼ö¿ø,2020-02-24,7,-0.7,13.7,,1.1,1019.6
119,¼ö¿ø,2020-02-25,6.8,5.6,8.3,22.6,2.2,1012.9
119,¼ö¿ø,2020-02-26,5.6,1.1,11.4,,1.7,1018.6
119,¼ö¿ø,2020-02-27,5.5,0.2,11.6,,1.3,1023
119,¼ö¿ø,2020-02-28,4.6,2.9,5.7,5.2,1.1,1018
119,¼ö¿ø,2020-02-29,7,3.3,13,,1.4,1013.6
119,¼ö¿ø,2020-03-01,4.8,0.4,10.2,0,1.6,1014.1
119,¼ö¿ø,2020-03-02,3.1,0.6,6.8,0,2.8,1019.2
119,¼ö¿ø,2020-03-03,4.6,-0.9,10.8,,2,1019.4
119,¼ö¿ø,2020-03-04,2.5,-0.9,5.3,0.2,4.1,1017.9
119,¼ö¿ø,2020-03-05,1.1,-2.3,5.6,,2.3,1020.8
119,¼ö¿ø,2020-03-06,3.1,-3.8,10.4,,1.3,1017.8
119,¼ö¿ø,2020-03-07,5.3,-0.8,12.9,,1.2,1013.5
119,¼ö¿ø,2020-03-08,7.4,-1.1,17.1,,1.2,1014
119,¼ö¿ø,2020-03-09,9.5,1.2,16.6,0.2,1.2,1009.5
119,¼ö¿ø,2020-03-10,6.6,3.9,8.9,7.3,2.9,1003.5
119,¼ö¿ø,2020-03-11,3.5,0.4,7.3,,3.1,1014.1
119,¼ö¿ø,2020-03-12,6.5,-1,14.1,,2.2,1017.1
119,¼ö¿ø,2020-03-13,5.4,0.3,9.7,0.1,3.2,1017.2
119,¼ö¿ø,2020-03-14,3.9,-2.9,8.9,,3,1011.3
119,¼ö¿ø,2020-03-15,4.5,1,9.4,,4.1,1007.5
119,¼ö¿ø,2020-03-16,3.3,-2.4,9.5,,2.1,1017.6
119,¼ö¿ø,2020-03-17,5.9,1.5,12.8,,2.1,1011.4
119,¼ö¿ø,2020-03-18,9.4,-0.9,17.8,,1.5,1008.7
119,¼ö¿ø,2020-03-19,8.7,6.6,13.5,,5.7,1002.5
119,¼ö¿ø,2020-03-20,8.7,2.6,14.7,,2.9,1009.5
119,¼ö¿ø,2020-03-21,11.8,4.4,20.4,,1.8,1007.2
119,¼ö¿ø,2020-03-22,10.9,5.1,17.2,,2.8,1009.8
119,¼ö¿ø,2020-03-23,9.3,3.2,16.7,,2.1,1013
119,¼ö¿ø,2020-03-24,9.6,2.2,17.6,,1.5,1015.8
119,¼ö¿ø,2020-03-25,11.8,2.6,19.9,,1.5,1015.6
119,¼ö¿ø,2020-03-26,14.1,6.3,20.9,4.1,1.6,1010.6
119,¼ö¿ø,2020-03-27,11.1,6.8,13.9,7.6,3.4,1009.2
119,¼ö¿ø,2020-03-28,7.5,4.4,12.8,,3.2,1016.7
119,¼ö¿ø,2020-03-29,7.4,-1,15.8,,1.6,1016.9
119,¼ö¿ø,2020-03-30,8.3,1.5,15.8,,1.5,1016.1
119,¼ö¿ø,2020-03-31,9.8,1,18,,1.5,1013.1
119,¼ö¿ø,2020-04-01,11.1,6.6,17.6,,3,1010.4
119,¼ö¿ø,2020-04-02,8.7,1.9,15.4,,2,1017.8
119,¼ö¿ø,2020-04-03,9.1,3.8,15.6,,2.1,1016.9
119,¼ö¿ø,2020-04-04,8.9,4.6,13.7,,3.5,1014.7
119,¼ö¿ø,2020-04-05,6.7,2,11.8,,2.6,1018
119,¼ö¿ø,2020-04-06,8.2,1.1,15.7,,2.2,1016.3
119,¼ö¿ø,2020-04-07,9.6,3.8,17.4,,2.1,1011.6
119,¼ö¿ø,2020-04-08,8.8,3.7,13.9,,3.3,1014
119,¼ö¿ø,2020-04-09,8.2,2,14,,2.3,1017.7
119,¼ö¿ø,2020-04-10,9.3,2.9,16,,2,1020
119,¼ö¿ø,2020-04-11,8.4,4.1,14.8,,1.6,1015.3
119,¼ö¿ø,2020-04-12,9.6,2.4,15.5,,2.3,1009.7
119,¼ö¿ø,2020-04-13,10.7,5.1,19.5,,2.5,1009.8
119,¼ö¿ø,2020-04-14,11.3,4.9,18.8,,2.1,1012.3
119,¼ö¿ø,2020-04-15,11.5,3.3,19.6,,1.7,1010.5
119,¼ö¿ø,2020-04-16,14.3,5.1,23.5,,1.9,1011.8
119,¼ö¿ø,2020-04-17,12.4,9.8,17,4.1,3,1008.1
119,¼ö¿ø,2020-04-18,12.8,9.1,18.1,,2.5,1011.6
119,¼ö¿ø,2020-04-19,11.8,8.6,15.5,11.5,2,1009.6
119,¼ö¿ø,2020-04-20,10.3,7.1,14.6,0.2,3,1006.7
119,¼ö¿ø,2020-04-21,7.5,5,10.6,,4.5,1010.3
119,¼ö¿ø,2020-04-22,6.7,5,9.1,0,5.1,1012.1
119,¼ö¿ø,2020-04-23,8,3.1,12.8,,4,1011.8
119,¼ö¿ø,2020-04-24,9.9,2.7,15.4,,3.8,1009.3
119,¼ö¿ø,2020-04-25,13.1,8.7,18.4,,3.9,1005.4
119,¼ö¿ø,2020-04-26,11.8,5.2,18.4,,2.5,1012.9
119,¼ö¿ø,2020-04-27,12,6.7,18.1,,2.3,1015.4
119,¼ö¿ø,2020-04-28,13.6,6,21,,2.5,1015.4
119,¼ö¿ø,2020-04-29,14.4,8.8,21.8,,2,1014.9
119,¼ö¿ø,2020-04-30,16.3,6.6,23.8,,2,1011.4
119,¼ö¿ø,2020-05-01,20.4,15.9,27,,2.2,1008.6
119,¼ö¿ø,2020-05-02,20.8,18.3,25.3,0.1,2,1006.8
119,¼ö¿ø,2020-05-03,21.1,16.2,26,0.6,1.9,1001.4
119,¼ö¿ø,2020-05-04,18.3,12.1,23.7,,2.3,1003.9
119,¼ö¿ø,2020-05-05,14.2,11,20.3,2.5,1.2,1007.3
119,¼ö¿ø,2020-05-06,17.8,8.8,26.8,,1.6,1009.3
119,¼ö¿ø,2020-05-07,20.6,14,25.9,,2.5,1012.7
119,¼ö¿ø,2020-05-08,18.9,14.3,25,3.1,2,1010.1
119,¼ö¿ø,2020-05-09,14.7,12.9,17.3,23.2,3.2,1000.2
119,¼ö¿ø,2020-05-10,14.2,12.8,17.1,0.5,2,1003
119,¼ö¿ø,2020-05-11,16.4,12.1,22.4,1.2,2.1,1003.6
119,¼ö¿ø,2020-05-12,14.1,9.5,18.7,1,2.8,1001.2
119,¼ö¿ø,2020-05-13,15.8,8.6,22,,2.6,1011.2
119,¼ö¿ø,2020-05-14,20,11.7,26.3,,1.2,1011.5
119,¼ö¿ø,2020-05-15,16.2,14.5,21.3,12.6,2.6,1003.9
119,¼ö¿ø,2020-05-16,16.5,14.9,19.1,1.2,1.2,1002.3
119,¼ö¿ø,2020-05-17,19.1,14.3,25.7,0.1,1.4,1000.7
119,¼ö¿ø,2020-05-18,19.2,12.9,27.7,36.7,2.5,994.1
119,¼ö¿ø,2020-05-19,13.5,10.9,18.3,3.9,2.4,995.9
119,¼ö¿ø,2020-05-20,14.1,9.7,19.9,,1.1,1007.2
119,¼ö¿ø,2020-05-21,17.1,10.3,22.1,,1.2,1010
119,¼ö¿ø,2020-05-22,18.2,13.1,23,0,1.5,1008.2
119,¼ö¿ø,2020-05-23,19.9,15.8,25.4,,1.6,1006.7
119,¼ö¿ø,2020-05-24,16.8,13.5,19.6,9.9,2.6,1005.5
119,¼ö¿ø,2020-05-25,15.5,12.6,20,0,1.5,1008
119,¼ö¿ø,2020-05-26,16.1,12.6,23.6,0.1,1.7,1005.1
119,¼ö¿ø,2020-05-27,17.1,12,24.1,,2.3,1004.9
119,¼ö¿ø,2020-05-28,18,12.5,23.8,,1.7,1005.3
119,¼ö¿ø,2020-05-29,19.4,13.1,27.4,,1.6,1010.5
119,¼ö¿ø,2020-05-30,21.6,15.1,29.7,,1.6,1011.7
119,¼ö¿ø,2020-05-31,20.4,15.8,27.6,1.2,2,1007.2
119,¼ö¿ø,2020-06-01,18.9,14,24,0.2,3.3,1005.8
119,¼ö¿ø,2020-06-02,18.3,13,23.3,1.1,1.9,1003.2
119,¼ö¿ø,2020-06-03,21.9,18,28,0.1,1.8,999.5
119,¼ö¿ø,2020-06-04,22.3,19,27.4,0.4,2.2,999.7
119,¼ö¿ø,2020-06-05,21.5,18.3,27.9,0,1.7,1002.8
119,¼ö¿ø,2020-06-06,23.3,16.7,30.7,,1.7,1003.7
119,¼ö¿ø,2020-06-07,21.6,17.7,28.4,,1.7,1007.5
119,¼ö¿ø,2020-06-08,24.1,17.9,31.5,,1.7,1010.2
119,¼ö¿ø,2020-06-09,25.7,18,32.7,,1.8,1009.8
119,¼ö¿ø,2020-06-10,25.4,19.6,32.5,10.8,1.6,1004.4
119,¼ö¿ø,2020-06-11,25.4,21.6,31,0,2.1,999.1
119,¼ö¿ø,2020-06-12,23.4,19.5,27.6,0,1.3,1000.7
119,¼ö¿ø,2020-06-13,25.7,20.3,32.4,0.1,1.6,999.8
119,¼ö¿ø,2020-06-14,22.9,18.7,28,1.1,2.5,1000.1
119,¼ö¿ø,2020-06-15,22.3,17.2,27.9,,2.2,1002.4
119,¼ö¿ø,2020-06-16,23.4,19.6,29.5,,1.9,1001.3
119,¼ö¿ø,2020-06-17,22.9,18,29.1,,1.8,1001
119,¼ö¿ø,2020-06-18,22.7,19.4,26.3,0,1.1,998.6
119,¼ö¿ø,2020-06-19,23.8,19.9,29.1,0.4,1.7,1001.9
119,¼ö¿ø,2020-06-20,23.6,18.7,29.3,,1.9,1005.7
119,¼ö¿ø,2020-06-21,24.2,18.5,31.9,,1.7,1003.5
119,¼ö¿ø,2020-06-22,26.5,19.2,34,,1.5,1003.7
119,¼ö¿ø,2020-06-23,25.5,20.8,30.2,0,1.4,1003.9
119,¼ö¿ø,2020-06-24,22.5,20.4,26.4,14.1,2.8,998.3
119,¼ö¿ø,2020-06-25,21.6,19.8,23.6,4.4,2.2,997.3
119,¼ö¿ø,2020-06-26,21.8,18.7,25.8,2.1,2.8,1002.2
119,¼ö¿ø,2020-06-27,23.7,20,29.3,0,1.5,1000.9
119,¼ö¿ø,2020-06-28,23.5,20,28.7,,2.1,1000.3
119,¼ö¿ø,2020-06-29,22.7,17.3,26.8,29.5,2.6,997
119,¼ö¿ø,2020-06-30,20.2,17.9,23,26.8,2.7,989.1
119,¼ö¿ø,2020-07-01,20.8,17.5,24.6,0.5,1.3,1000.5
119,¼ö¿ø,2020-07-02,23.8,19,29.5,0.6,1.6,1006.4
119,¼ö¿ø,2020-07-03,23.8,19.6,29,0.5,2.4,1006.1
119,¼ö¿ø,2020-07-04,22.5,18.5,28.2,1,1.5,1002.7
119,¼ö¿ø,2020-07-05,22.6,18.1,28.1,,1.4,1000
119,¼ö¿ø,2020-07-06,24.6,20.1,30.5,,1.6,996.6
119,¼ö¿ø,2020-07-07,23.3,20.7,27.9,,2,999.8
119,¼ö¿ø,2020-07-08,23.6,19.9,29.6,,1.8,1000.5
119,¼ö¿ø,2020-07-09,27,20,33,,1.5,999.3
119,¼ö¿ø,2020-07-10,25.8,23.1,29.1,0.8,2.3,997.3
119,¼ö¿ø,2020-07-11,26,21,30.6,,1.9,1002.5
119,¼ö¿ø,2020-07-12,23.2,20.8,25.6,4.8,2.9,1004.6
119,¼ö¿ø,2020-07-13,19,18.3,20.8,47.2,3.8,998
119,¼ö¿ø,2020-07-14,20.8,17.6,23.9,16.2,2,999
119,¼ö¿ø,2020-07-15,22.3,18.7,27.9,0.2,1.4,1000.9
119,¼ö¿ø,2020-07-16,23.3,18,29,,1.6,1002.5
119,¼ö¿ø,2020-07-17,24.4,20.4,29.8,,1.7,1003.9
119,¼ö¿ø,2020-07-18,25.2,20.5,30,,1.4,1003.9
119,¼ö¿ø,2020-07-19,25.1,20.5,28.1,35.6,3.1,1000.1
119,¼ö¿ø,2020-07-20,24,22.5,27.8,1.8,3.1,1001.7
119,¼ö¿ø,2020-07-21,24.7,21.5,29.9,,1.4,1007.2
119,¼ö¿ø,2020-07-22,22.6,21.7,23.7,92.9,0.9,1005.4
119,¼ö¿ø,2020-07-23,21.6,19.7,23.1,90.1,3.2,1000.5
119,¼ö¿ø,2020-07-24,23.3,20.3,27.2,1.4,3.1,993.9
119,¼ö¿ø,2020-07-25,25.2,22.4,29.4,,2,998.5
119,¼ö¿ø,2020-07-26,25,22.5,29.2,0,1.5,1002.6
119,¼ö¿ø,2020-07-27,24.6,22.6,27.1,1.9,1.1,1003.8
119,¼ö¿ø,2020-07-28,24.2,22.8,25.7,1.9,1.4,1005.8
119,¼ö¿ø,2020-07-29,24.7,23.2,27.8,87,1.6,1007.1
119,¼ö¿ø,2020-07-30,24.8,22.6,28.3,0.2,1.5,1008.8
119,¼ö¿ø,2020-07-31,25.9,22.5,30,0.1,1.3,1009.4
119,¼ö¿ø,2020-08-01,26.2,24,29.2,28.7,2,1005.9
119,¼ö¿ø,2020-08-02,25.2,23.3,28.1,86.7,2,1003.4
119,¼ö¿ø,2020-08-03,25,23,26.8,96.9,2.5,1004.1
119,¼ö¿ø,2020-08-04,27.4,23.8,30.4,0.2,2,1006.4
119,¼ö¿ø,2020-08-05,27,25.2,29.1,20.5,2.3,1006.2
119,¼ö¿ø,2020-08-06,24.3,22.8,26.2,131.5,3.6,1001.2
119,¼ö¿ø,2020-08-07,24.2,22.4,25.9,0.2,1.5,1002.1
119,¼ö¿ø,2020-08-08,24,22.7,25,12.3,2.1,998.4
119,¼ö¿ø,2020-08-09,25.3,24.1,27.7,134.2,2.7,998.1
119,¼ö¿ø,2020-08-10,26.6,24.9,30.5,22.3,1.9,999.1
119,¼ö¿ø,2020-08-11,25.4,23.5,28.3,16.2,1.9,1004.9
119,¼ö¿ø,2020-08-12,27.2,23.4,30.9,0,0.9,1008
119,¼ö¿ø,2020-08-13,28.2,25.9,32.1,0,2.2,1004.7
119,¼ö¿ø,2020-08-14,27.7,26.3,29.9,0,3,1001.4
119,¼ö¿ø,2020-08-15,26.7,25.1,29.3,46.6,1.6,1004.1
119,¼ö¿ø,2020-08-16,27.5,24.7,31.6,,2.2,1006.5
119,¼ö¿ø,2020-08-17,28.1,25.1,32.8,,1.5,1009.1
119,¼ö¿ø,2020-08-18,26.9,23.1,32.2,,1.2,1008.7
119,¼ö¿ø,2020-08-19,26.7,22.8,32.1,,1.7,1007.1
119,¼ö¿ø,2020-08-20,27.4,23.3,33,,1.4,1007.8
119,¼ö¿ø,2020-08-21,27.6,23.8,31.4,0,1.5,1009.1
119,¼ö¿ø,2020-08-22,25,22,29.4,30.2,1.6,1007.7
119,¼ö¿ø,2020-08-23,25.7,21.7,30.4,,1.3,1004
119,¼ö¿ø,2020-08-24,27.7,22.5,32,,1.6,1000.6
119,¼ö¿ø,2020-08-25,29.7,24.6,34.9,0,1.7,1000.2
119,¼ö¿ø,2020-08-26,30.3,26.8,34.2,1,4.1,997
119,¼ö¿ø,2020-08-27,27.9,25.9,30,10.9,4.3,996.7
119,¼ö¿ø,2020-08-28,27.7,25.5,30.9,2.3,1.7,1002.6
119,¼ö¿ø,2020-08-29,26.4,24.9,28.9,18.3,1.2,1004.5
119,¼ö¿ø,2020-08-30,26.8,24.8,30.9,0.1,1.3,1006.9
119,¼ö¿ø,2020-08-31,27.4,24.5,30.8,0.2,2.6,1007.5
119,¼ö¿ø,2020-09-01,26.1,23.5,29.7,0.4,1.8,1004.7
119,¼ö¿ø,2020-09-02,24.3,22.8,26,17.9,1.7,998.5
119,¼ö¿ø,2020-09-03,22.7,19.7,26.3,31.5,5.1,993.6
119,¼ö¿ø,2020-09-04,23.1,19.1,27.4,,1.9,1007.8
119,¼ö¿ø,2020-09-05,23.3,19.3,27.5,0,1.5,1009
119,¼ö¿ø,2020-09-06,21.4,18.9,25,9.4,1.5,1004.4
119,¼ö¿ø,2020-09-07,19.5,16.7,22.4,59.9,4.4,988.6
119,¼ö¿ø,2020-09-08,23.3,21,26.9,,3.4,1004.8
119,¼ö¿ø,2020-09-09,20.5,17.6,25.3,10.8,1.6,1005.5
119,¼ö¿ø,2020-09-10,22.3,18.1,27.6,0,1.2,1004.7
119,¼ö¿ø,2020-09-11,22.2,18.5,26.3,6.3,1.8,1009.8
119,¼ö¿ø,2020-09-12,20,17.8,22.1,8.3,1.2,1011.3
119,¼ö¿ø,2020-09-13,21.3,16.8,26.6,,1.5,1011.1
119,¼ö¿ø,2020-09-14,21,16.1,26,,1.4,1010
119,¼ö¿ø,2020-09-15,22.6,18.7,27.4,,1.2,1008.1
119,¼ö¿ø,2020-09-16,21.8,19.7,25.4,0,1.8,1005.3
119,¼ö¿ø,2020-09-17,20.8,18.8,24,,1.3,1005.9
119,¼ö¿ø,2020-09-18,21.2,17.7,26,,2.2,1008.6
119,¼ö¿ø,2020-09-19,19.8,15.7,26.3,10.2,1.9,1010.8
119,¼ö¿ø,2020-09-20,18.6,13.5,24.9,,1.4,1012.7
119,¼ö¿ø,2020-09-21,18.3,12.6,24.6,,0.9,1013.7
119,¼ö¿ø,2020-09-22,19.9,15,25.1,,2,1014.1
119,¼ö¿ø,2020-09-23,19.4,15.7,23.5,,2.2,1013.5
119,¼ö¿ø,2020-09-24,21.1,17.6,25.7,,2.5,1010.5
119,¼ö¿ø,2020-09-25,20.6,14.9,25.5,,1.8,1008.9
119,¼ö¿ø,2020-09-26,20,15.7,24.9,,2.1,1012
119,¼ö¿ø,2020-09-27,20,15.4,26,,1.3,1014
119,¼ö¿ø,2020-09-28,19.6,14.1,26,,1.1,1012.1
119,¼ö¿ø,2020-09-29,18.9,13.9,24.4,,1.2,1007.2
119,¼ö¿ø,2020-09-30,18.8,14.6,24.9,8.7,0.8,1006.2
119,¼ö¿ø,2020-10-01,18.7,15.1,24.3,,1.6,1009
119,¼ö¿ø,2020-10-02,19.2,14.5,23.8,0,1.8,1010.5
119,¼ö¿ø,2020-10-03,19.6,16.9,23.8,21.9,0.9,1010.5
119,¼ö¿ø,2020-10-04,17.1,11.5,22,0,2.6,1008.3
119,¼ö¿ø,2020-10-05,13.6,7.4,18.3,,2.1,1013.6
119,¼ö¿ø,2020-10-06,13.7,7.5,19.8,,1.5,1017.9
119,¼ö¿ø,2020-10-07,15.4,8.6,21.7,,1.2,1021.2
119,¼ö¿ø,2020-10-08,17.3,10.8,23.4,,2.3,1022.1
119,¼ö¿ø,2020-10-09,17.3,10.2,23.5,,2.3,1018.7
119,¼ö¿ø,2020-10-10,16.6,10.3,21.5,,1.3,1015.2
119,¼ö¿ø,2020-10-11,16.2,12.9,20.6,,1.3,1011.7
119,¼ö¿ø,2020-10-12,15.4,11.5,21.2,,1.6,1011
119,¼ö¿ø,2020-10-13,12.4,6,18.2,,1.4,1016.6
119,¼ö¿ø,2020-10-14,12.9,8.2,19.5,,1.7,1020.5
119,¼ö¿ø,2020-10-15,11.2,6,18.4,,1.1,1021.5
119,¼ö¿ø,2020-10-16,11.6,6.5,16.1,,0.8,1019.4
119,¼ö¿ø,2020-10-17,12.5,7.9,18.6,0.3,1.2,1018.8
119,¼ö¿ø,2020-10-18,12.6,5.7,19.5,,1.2,1019.6
119,¼ö¿ø,2020-10-19,14,7.1,21,,1.1,1020.5
119,¼ö¿ø,2020-10-20,13.8,7.3,21.6,,0.9,1021.1
119,¼ö¿ø,2020-10-21,14,9.9,17.3,,1.1,1014.4
119,¼ö¿ø,2020-10-22,13.2,8.1,18.8,,2.4,1009.4
119,¼ö¿ø,2020-10-23,8.7,5.1,12.9,,2.9,1010.8
119,¼ö¿ø,2020-10-24,8.5,3.1,14.1,,2.1,1014.7
119,¼ö¿ø,2020-10-25,10.8,3.7,18,,1.3,1015.8
119,¼ö¿ø,2020-10-26,11.4,5,18.9,,1.1,1015.7
119,¼ö¿ø,2020-10-27,12.6,6.6,19.5,,1,1016.8
119,¼ö¿ø,2020-10-28,13.6,9.3,19,,1.9,1018.3
119,¼ö¿ø,2020-10-29,9.5,2.2,16.4,,1.2,1019.6
119,¼ö¿ø,2020-10-30,10.4,3.1,19,,0.9,1020.9
119,¼ö¿ø,2020-10-31,12.9,5.7,18.6,,1.6,1019.9
119,¼ö¿ø,2020-11-01,12.9,11.7,13.8,3.4,1.5,1015.4
119,¼ö¿ø,2020-11-02,10.7,5.8,16.2,0.3,1.7,1016
119,¼ö¿ø,2020-11-03,5.4,2.5,9,1.4,3.6,1017.8
119,¼ö¿ø,2020-11-04,4.9,-0.4,10.7,,1.9,1021.3
119,¼ö¿ø,2020-11-05,8.6,0.7,15.5,,0.9,1022.6
119,¼ö¿ø,2020-11-06,12.9,8.6,16.8,,1,1016.9
119,¼ö¿ø,2020-11-07,13.3,9,17.5,,2.2,1013.7
119,¼ö¿ø,2020-11-08,8.3,3.7,12.4,,2.9,1018.1
119,¼ö¿ø,2020-11-09,5.9,0.9,9.8,0,1.4,1021.2
119,¼ö¿ø,2020-11-10,6.7,-0.1,13.3,,1.7,1024
119,¼ö¿ø,2020-11-11,7.9,0.8,16.4,,0.8,1027.2
119,¼ö¿ø,2020-11-12,9,1.8,17.8,,0.9,1025.8
119,¼ö¿ø,2020-11-13,10.2,4.8,17,,0.8,1024.2
119,¼ö¿ø,2020-11-14,10.6,3.6,18.8,,1,1024.7
119,¼ö¿ø,2020-11-15,9.9,4.5,16.7,,1,1022.9
119,¼ö¿ø,2020-11-16,11.5,5.4,17.9,,0.9,1021.6
119,¼ö¿ø,2020-11-17,16,10.5,19.9,0.4,2,1019
119,¼ö¿ø,2020-11-18,17.3,14.5,19.7,5.1,1.7,1011.3
119,¼ö¿ø,2020-11-19,14.2,7.8,20.7,43.3,4.5,1004.1
119,¼ö¿ø,2020-11-20,3.5,-0.5,7.8,0,3.2,1015.2
119,¼ö¿ø,2020-11-21,6.7,-1.2,12.7,0,1.6,1019
119,¼ö¿ø,2020-11-22,6,1.7,9.2,2.9,2.2,1018.3
119,¼ö¿ø,2020-11-23,1.8,-0.8,5.8,,2,1023.8
119,¼ö¿ø,2020-11-24,3.4,-1.3,8.4,,1.2,1023.9
119,¼ö¿ø,2020-11-25,4.2,-1.4,10.4,,1.1,1022.9
119,¼ö¿ø,2020-11-26,5.4,0.8,11,,1.1,1022.2
119,¼ö¿ø,2020-11-27,4.3,0.5,7.5,,2.6,1021.5
119,¼ö¿ø,2020-11-28,0.4,-1.8,3.7,,2.6,1024.4
119,¼ö¿ø,2020-11-29,-0.3,-3.2,2.8,0,1.3,1025.4
119,¼ö¿ø,2020-11-30,-0.3,-5,4.7,,1.5,1030.2
119,¼ö¿ø,2020-12-01,1.6,-4.2,6.5,,1.5,1030.6
119,¼ö¿ø,2020-12-02,3.2,0.4,8,,1.6,1026
119,¼ö¿ø,2020-12-03,1.3,-2,5,,2.1,1025.1
119,¼ö¿ø,2020-12-04,-0.3,-4.9,5.2,,1.5,1025.6
119,¼ö¿ø,2020-12-05,1.9,-3,7,,1,1025.1
119,¼ö¿ø,2020-12-06,3.5,-0.2,9,,1.1,1023.6
119,¼ö¿ø,2020-12-07,3.4,-0.7,7.5,,2.1,1023.6
119,¼ö¿ø,2020-12-08,-0.7,-4,4.5,,1.4,1024.3
119,¼ö¿ø,2020-12-09,1,-6.4,5.8,,0.9,1022.1
119,¼ö¿ø,2020-12-10,5.5,2.4,9.5,0,1,1017.9
119,¼ö¿ø,2020-12-11,4.9,0.2,9.8,,1.1,1015.1
119,¼ö¿ø,2020-12-12,2.4,-1.4,6.8,,1.8,1015
119,¼ö¿ø,2020-12-13,-0.9,-5.3,2.2,2.4,2.7,1014.4
119,¼ö¿ø,2020-12-14,-6.7,-8.7,-4.3,,3.7,1024.5
119,¼ö¿ø,2020-12-15,-6.9,-9.7,-3.6,,3.2,1026.6
119,¼ö¿ø,2020-12-16,-7,-9.9,-3.1,,2.6,1026.7
119,¼ö¿ø,2020-12-17,-5.3,-11.5,0.7,0,1.1,1026
119,¼ö¿ø,2020-12-18,-1.5,-6,2.4,1.1,2.3,1023.8
119,¼ö¿ø,2020-12-19,-4.6,-9,-1,,1.8,1028.6
119,¼ö¿ø,2020-12-20,-3.9,-9.8,1.6,,1.5,1027.8
119,¼ö¿ø,2020-12-21,-1.6,-7.3,4.1,,0.9,1024.6
119,¼ö¿ø,2020-12-22,1.6,-3.5,6.5,0.7,1.3,1021.5
119,¼ö¿ø,2020-12-23,3.6,-3,9.2,,1.4,1017.6
119,¼ö¿ø,2020-12-24,2.5,-1.5,6.5,0.2,2.5,1014.1
119,¼ö¿ø,2020-12-25,-1,-5.5,3.8,,1.6,1019.1
119,¼ö¿ø,2020-12-26,1.6,-2.9,8.5,0,1.4,1019.8
119,¼ö¿ø,2020-12-27,4.7,-0.1,9.1,0,1.2,1017
119,¼ö¿ø,2020-12-28,5.3,1.4,11.4,0,1.1,1018.6
119,¼ö¿ø,2020-12-29,-0.3,-5.4,4.2,0.2,2.5,1017
119,¼ö¿ø,2020-12-30,-10,-12.5,-5.4,,4.6,1018.7
119,¼ö¿ø,2020-12-31,-8.7,-12.6,-4.4,0,1.7,1021.8
119,¼ö¿ø,2021-01-01,-4.6,-10.4,0,0,1.3,1021.2
119,¼ö¿ø,2021-01-02,-4.5,-8.4,-0.8,,2.3,1024.7
119,¼ö¿ø,2021-01-03,-5.5,-10.1,-0.4,,1.7,1029.4
119,¼ö¿ø,2021-01-04,-3.6,-10.4,0.6,0,1.2,1026.4
119,¼ö¿ø,2021-01-05,-4.9,-9.3,-0.8,0,2.8,1025.4
119,¼ö¿ø,2021-01-06,-7.2,-12.4,-1.9,5.7,2.2,1019.2
119,¼ö¿ø,2021-01-07,-13.8,-15.9,-8.3,,4,1021.7
119,¼ö¿ø,2021-01-08,-14.4,-18.4,-10.7,,2.6,1020.5
119,¼ö¿ø,2021-01-09,-12.7,-18.6,-7.7,,1.6,1020.5
119,¼ö¿ø,2021-01-10,-8.9,-16.8,-2.7,0,1,1023.4
119,¼ö¿ø,2021-01-11,-7.6,-12.5,-3.6,,0.8,1021.7
119,¼ö¿ø,2021-01-12,-3.9,-11,0.7,1.5,1.3,1013.2
119,¼ö¿ø,2021-01-13,1.7,-4.9,8.7,,1.8,1010.8
119,¼ö¿ø,2021-01-14,1.5,-5.3,7.6,,1.5,1016.9
119,¼ö¿ø,2021-01-15,4,-1.6,11.3,0,2.5,1011.9
119,¼ö¿ø,2021-01-16,-4.2,-7.3,-0.7,,3.1,1021.1
119,¼ö¿ø,2021-01-17,-5.3,-11.1,-1.4,1.1,1.9,1022.8
119,¼ö¿ø,2021-01-18,-3.2,-8.2,1.6,0.3,3,1017
119,¼ö¿ø,2021-01-19,-6.6,-12.1,-0.5,,1.2,1027.4
119,¼ö¿ø,2021-01-20,-0.4,-8.6,7.4,,1.4,1025.1
119,¼ö¿ø,2021-01-21,4.5,-0.2,8.3,9.1,1,1018.4
119,¼ö¿ø,2021-01-22,5.7,3.9,7.5,0,1,1014.9
119,¼ö¿ø,2021-01-23,7.9,1.9,12.1,,2.3,1015.3
119,¼ö¿ø,2021-01-24,6.9,1.3,13.1,,1.4,1021
119,¼ö¿ø,2021-01-25,6.9,0.6,14.2,,1.5,1021
119,¼ö¿ø,2021-01-26,4.2,1,6.6,4.1,1.5,1015.5
119,¼ö¿ø,2021-01-27,1.5,-2.4,6.2,,1.5,1019
119,¼ö¿ø,2021-01-28,-2.6,-8.6,1.6,2.3,4.2,1013.2
119,¼ö¿ø,2021-01-29,-8.1,-11,-4.6,,3.1,1022.1
119,¼ö¿ø,2021-01-30,-0.8,-8.4,6.6,0,2.1,1021.1
119,¼ö¿ø,2021-01-31,3.6,-5.8,10.5,,1.6,1021.5
119,¼ö¿ø,2021-02-01,5,-1.3,9.9,1.7,2.2,1012.3
119,¼ö¿ø,2021-02-02,-4.8,-6.9,-1.2,0.1,3.8,1021.7
119,¼ö¿ø,2021-02-03,-3.2,-10.3,1.7,3.8,1.9,1020.9
119,¼ö¿ø,2021-02-04,-3.8,-8,0.8,1.6,2.2,1022.7
119,¼ö¿ø,2021-02-05,0.5,-6.4,6.6,,1.5,1016.5
119,¼ö¿ø,2021-02-06,6.1,0.8,10.2,,1.9,1010.9
119,¼ö¿ø,2021-02-07,3.2,-2.2,7.2,,2.6,1016.8
119,¼ö¿ø,2021-02-08,-2.6,-4.6,0.6,,3.6,1023.7
119,¼ö¿ø,2021-02-09,-1.3,-7.4,4,,1.4,1024
119,¼ö¿ø,2021-02-10,2.3,-3.4,7.4,,1.2,1020.8
119,¼ö¿ø,2021-02-11,4,-1.3,11.3,,0.9,1020.6
119,¼ö¿ø,2021-02-12,4.9,-1.6,14.1,,1,1020.3
119,¼ö¿ø,2021-02-13,4.9,-3.2,15.7,,1.1,1019.7
119,¼ö¿ø,2021-02-14,8.1,2.4,14,0,0.9,1010.4
119,¼ö¿ø,2021-02-15,1,-4.1,6.6,0.6,4.3,1007.5
119,¼ö¿ø,2021-02-16,-4.8,-6.7,-2.5,1.9,2.9,1012.5
119,¼ö¿ø,2021-02-17,-7.9,-9.8,-5,,5.3,1014.5
119,¼ö¿ø,2021-02-18,-5.5,-9.9,-0.8,,3.2,1017.7
119,¼ö¿ø,2021-02-19,1.4,-8.1,9.3,,2.3,1012.8
119,¼ö¿ø,2021-02-20,7,0,14.4,,1.3,1005.6
119,¼ö¿ø,2021-02-21,10.8,1.7,18.5,,2.5,1005.3
119,¼ö¿ø,2021-02-22,6.6,0.6,12.7,,2.6,1010.3
119,¼ö¿ø,2021-02-23,0.2,-2.5,4.1,,2.8,1021.3
119,¼ö¿ø,2021-02-24,2.1,-2.1,10.2,,1.3,1020.7
119,¼ö¿ø,2021-02-25,3.4,-2.2,8.6,,0.8,1019.1
119,¼ö¿ø,2021-02-26,8.1,-1.3,15.6,,1.6,1018.8
119,¼ö¿ø,2021-02-27,8.8,3.5,14.6,,3.4,1023.8
119,¼ö¿ø,2021-02-28,7.3,0.9,10.7,,1.7,1021.3
119,¼ö¿ø,2021-03-01,5,0.5,8.1,70.7,1.8,1010.3
119,¼ö¿ø,2021-03-02,2.4,-0.6,6.8,0.2,1.8,1020.3
119,¼ö¿ø,2021-03-03,3.4,-2.1,9.5,,1.1,1024.5
119,¼ö¿ø,2021-03-04,6.7,0.4,12.2,,1.3,1019.4
119,¼ö¿ø,2021-03-05,7.3,1,16,,1.8,1016.7
119,¼ö¿ø,2021-03-06,7,4,12.6,,2.4,1022.3
119,¼ö¿ø,2021-03-07,5.7,2.2,10.8,,2.5,1023.6
119,¼ö¿ø,2021-03-08,5,-1.2,13.3,,1.3,1022.4
119,¼ö¿ø,2021-03-09,5.3,-0.5,11.7,,1.7,1021.4
119,¼ö¿ø,2021-03-10,7.2,-0.3,16.8,,1.2,1023.7
119,¼ö¿ø,2021-03-11,8.6,1.5,17.3,,1.2,1021.4
119,¼ö¿ø,2021-03-12,9.4,6.8,12.9,0.2,1.4,1017.4
119,¼ö¿ø,2021-03-13,8.1,2.7,14.2,,1.6,1017
119,¼ö¿ø,2021-03-14,7.3,1.6,13.4,,1.4,1015.8
119,¼ö¿ø,2021-03-15,10,2.3,16.1,0.2,1.8,1011.8
119,¼ö¿ø,2021-03-16,7.6,4.5,12.5,2.4,3.1,1011.5
119,¼ö¿ø,2021-03-17,7.1,0.5,16.8,,1.5,1014.8
119,¼ö¿ø,2021-03-18,9.9,1.2,18.8,,1.4,1015
119,¼ö¿ø,2021-03-19,13.9,9,19.4,,2,1013.8
119,¼ö¿ø,2021-03-20,8.8,6,13.5,3.7,2.5,1009
119,¼ö¿ø,2021-03-21,5.8,3.6,8.9,,4.2,1010.9
119,¼ö¿ø,2021-03-22,5.8,1,11.1,,2.8,1016.3
119,¼ö¿ø,2021-03-23,8.7,1.5,16.5,,2.5,1016.4
119,¼ö¿ø,2021-03-24,9.9,4,17.5,,2,1016
119,¼ö¿ø,2021-03-25,10.5,5.4,18.8,,1.5,1016.9
119,¼ö¿ø,2021-03-26,11.9,4.3,21.2,,1.1,1016.1
119,¼ö¿ø,2021-03-27,11.5,6.7,15.6,20.1,2.1,1005.4
119,¼ö¿ø,2021-03-28,9.4,7.5,13.4,5.2,3.1,999
119,¼ö¿ø,2021-03-29,9.8,5.7,15.4,0.1,2.9,1004.4
119,¼ö¿ø,2021-03-30,9.6,1.6,18.3,,1.7,1008.4
119,¼ö¿ø,2021-03-31,12.6,2.2,22.9,,1.1,1009.8
119,¼ö¿ø,2021-04-01,16.8,7.9,23.8,,3.4,1013.7
119,¼ö¿ø,2021-04-02,17.5,12.9,22.3,,3,1014.4
119,¼ö¿ø,2021-04-03,15.4,11.8,18.6,46.7,1.9,1007.4
119,¼ö¿ø,2021-04-04,12.2,9.9,15.8,0.5,2.2,1010.9
119,¼ö¿ø,2021-04-05,11.3,5.8,18.3,,1.9,1017.6
119,¼ö¿ø,2021-04-06,12.1,6.1,18.6,,2.1,1015.9
119,¼ö¿ø,2021-04-07,12.4,5,20.3,,1.9,1015.1
119,¼ö¿ø,2021-04-08,11.5,4.8,17.5,,2.3,1014.1
119,¼ö¿ø,2021-04-09,12.4,4,19,,2.2,1019.9
119,¼ö¿ø,2021-04-10,11.7,7.7,17.7,,2.4,1025.8
119,¼ö¿ø,2021-04-11,13.9,4.7,22.4,,1.2,1024.5
119,¼ö¿ø,2021-04-12,13.5,11.7,17.5,20.1,2.3,1012.9
119,¼ö¿ø,2021-04-13,9.4,6,13.4,7.8,3.7,1008.8
119,¼ö¿ø,2021-04-14,7.9,3,13.1,,2.3,1015
119,¼ö¿ø,2021-04-15,10.6,4.3,17.9,,1.6,1014
119,¼ö¿ø,2021-04-16,10.2,6,14.8,0.4,2,1011.8
119,¼ö¿ø,2021-04-17,9,3.8,14.1,,3,1010.4
119,¼ö¿ø,2021-04-18,9.3,5.5,14.3,,3,1012.2
119,¼ö¿ø,2021-04-19,11.5,4.6,18.6,,2,1013.1
119,¼ö¿ø,2021-04-20,13.3,5.8,21.4,,1.5,1016.5
119,¼ö¿ø,2021-04-21,17.8,7.5,28.6,,1.3,1016.9
119,¼ö¿ø,2021-04-22,20.2,14.1,27.6,0,1.8,1014.1
119,¼ö¿ø,2021-04-23,20.1,16.4,23.1,0,3.3,1014.6
119,¼ö¿ø,2021-04-24,17.4,12.1,23,,2.3,1015.2
119,¼ö¿ø,2021-04-25,17.3,9.2,24.1,,1.7,1014.7
119,¼ö¿ø,2021-04-26,15.5,11,21.4,,2.3,1016.5
119,¼ö¿ø,2021-04-27,15,9.5,20.1,0,1.4,1013.5
119,¼ö¿ø,2021-04-28,14.4,11.3,19.2,1.8,1.8,1011.8
119,¼ö¿ø,2021-04-29,14.7,10,20.2,6.3,1.8,1001.3
119,¼ö¿ø,2021-04-30,10.7,7.9,14.4,22.8,2.3,1000.4
119,¼ö¿ø,2021-05-01,10.6,8.6,14.2,9.1,2.9,1001.4
119,¼ö¿ø,2021-05-02,11.7,7.8,17.8,2.2,2.5,1012.2
119,¼ö¿ø,2021-05-03,13.1,6.3,20.3,,1.5,1013.5
119,¼ö¿ø,2021-05-04,15.1,10.1,18.1,18.8,1.5,1004.8
119,¼ö¿ø,2021-05-05,13.7,9.8,18.2,0.1,3.2,1008.6
119,¼ö¿ø,2021-05-06,15.3,6.2,23.1,,2.1,1011
119,¼ö¿ø,2021-05-07,13.3,10.1,17.3,8.9,2.9,1002.4
119,¼ö¿ø,2021-05-08,13.8,8,21.3,,3.3,1000.5
119,¼ö¿ø,2021-05-09,14.3,7.7,21.3,,2.9,1005.6
119,¼ö¿ø,2021-05-10,11.8,8.6,14.1,18.5,1.8,1009.3
119,¼ö¿ø,2021-05-11,18.2,9.6,24.6,,3,1008.8
119,¼ö¿ø,2021-05-12,20.5,15.6,27.2,,2.2,1007.6
119,¼ö¿ø,2021-05-13,20.9,13.7,29,,1.4,1006.8
119,¼ö¿ø,2021-05-14,21.8,15.1,30.4,,1.3,1006.6
119,¼ö¿ø,2021-05-15,20.9,18.5,23.2,5.2,1.2,1002
119,¼ö¿ø,2021-05-16,19.1,15.9,21.2,32.6,1.2,996.4
119,¼ö¿ø,2021-05-17,15.2,13.4,16.3,3.8,1.4,1002.4
119,¼ö¿ø,2021-05-18,16.9,12.7,23.9,,1.4,1006.3
119,¼ö¿ø,2021-05-19,18.9,10.6,26.2,,1.4,1007.4
119,¼ö¿ø,2021-05-20,18.1,14.5,23.4,11.6,2.2,1000.5
119,¼ö¿ø,2021-05-21,15.1,12.9,16.9,11.6,1.8,1001.5
119,¼ö¿ø,2021-05-22,17.5,12.1,23.6,,1.8,1006.7
119,¼ö¿ø,2021-05-23,18.7,11.8,25.4,,1.2,1006.6
119,¼ö¿ø,2021-05-24,17.8,13.7,24.2,,2.1,1003.8
119,¼ö¿ø,2021-05-25,14.8,11.9,18.6,5.4,2.8,1003.2
119,¼ö¿ø,2021-05-26,17.7,11.1,23.8,0,2.5,1003.3
119,¼ö¿ø,2021-05-27,15.3,13,17.7,6.5,2,997.7
119,¼ö¿ø,2021-05-28,14.8,11.8,20.3,21.7,2.4,996.7
119,¼ö¿ø,2021-05-29,16.2,12.2,20.9,0,1.8,1002.3
119,¼ö¿ø,2021-05-30,18.7,10.5,27.4,18.7,1.7,1004.2
119,¼ö¿ø,2021-05-31,20.4,16.8,24.9,4.5,1.7,1006.6
119,¼ö¿ø,2021-06-01,21.5,17.4,25.3,0.6,1.8,1009.4
119,¼ö¿ø,2021-06-02,23.1,16,30,,1.5,1008.2
119,¼ö¿ø,2021-06-03,18.8,14.1,22.7,17.2,1.2,999.9
119,¼ö¿ø,2021-06-04,18.1,12.6,24.1,0,2.3,997.7
119,¼ö¿ø,2021-06-05,20.1,15.7,25.9,,2.5,997
119,¼ö¿ø,2021-06-06,22.3,18,27.5,,1.8,1002.5
119,¼ö¿ø,2021-06-07,21.3,16.8,26.2,0,1.1,1009.3
119,¼ö¿ø,2021-06-08,23.1,18.7,28.8,0.1,1.3,1010.7
119,¼ö¿ø,2021-06-09,25.7,19.6,32.3,,1,1010.1
119,¼ö¿ø,2021-06-10,24.9,19.9,31.4,8.3,2,1006.5
119,¼ö¿ø,2021-06-11,21.5,18.8,25.7,7.3,2.7,1005.8
119,¼ö¿ø,2021-06-12,22.7,17,29,,1.7,1007.3
119,¼ö¿ø,2021-06-13,22.1,17.5,28.9,,1.6,1004.3
119,¼ö¿ø,2021-06-14,22.2,16.9,29.7,,1.5,1001.6
119,¼ö¿ø,2021-06-15,22.8,20.2,26.2,0.7,2.3,999.9
119,¼ö¿ø,2021-06-16,24.8,19.9,29.7,,3.1,1000.7
119,¼ö¿ø,2021-06-17,21.7,20,24.2,0.1,2.6,1001.5
119,¼ö¿ø,2021-06-18,19.8,18.7,21.4,6.2,1.8,997.4
119,¼ö¿ø,2021-06-19,21.9,17.6,27.4,,1.4,997
119,¼ö¿ø,2021-06-20,22.8,16.6,29.6,,2.6,996.8
119,¼ö¿ø,2021-06-21,23,18.3,28.4,,2.1,1000.2
119,¼ö¿ø,2021-06-22,23.4,18.6,28.5,0,1.6,1003.9
119,¼ö¿ø,2021-06-23,22.2,19.7,26.2,0.2,2.4,1006.1
119,¼ö¿ø,2021-06-24,22.6,18.7,27.9,,1.6,1006.9
119,¼ö¿ø,2021-06-25,23.3,17.9,28.8,,1.6,1006.4
119,¼ö¿ø,2021-06-26,23,20.3,27.4,7.4,1.5,1006
119,¼ö¿ø,2021-06-27,25.1,19.8,31.1,0.2,1.7,1002.8
119,¼ö¿ø,2021-06-28,23.7,21.3,29.6,0.9,1.8,1000.9
119,¼ö¿ø,2021-06-29,23.5,20.7,28.6,0.9,1.5,1001.2
119,¼ö¿ø,2021-06-30,24,20.2,28.9,0,1.2,1002.5
119,¼ö¿ø,2021-07-01,26.2,20.4,32.1,,1.5,1002.3
119,¼ö¿ø,2021-07-02,27.4,23.2,31.9,,2.4,1004.1
119,¼ö¿ø,2021-07-03,23.4,20.7,26.8,33.3,4.5,1001.4
119,¼ö¿ø,2021-07-04,22,20.5,24.7,12.6,2.7,1000.1
119,¼ö¿ø,2021-07-05,23.8,20.2,27.4,,1,1005.3
119,¼ö¿ø,2021-07-06,25.2,21,29.5,0.3,1.1,1002.7
119,¼ö¿ø,2021-07-07,25.7,23,29,23,1.4,1002.6
119,¼ö¿ø,2021-07-08,25.3,22.4,30.8,4.2,1.8,1000.9
119,¼ö¿ø,2021-07-09,25.1,22.5,29.6,,1.7,1001
119,¼ö¿ø,2021-07-10,26.1,22.4,30,2.1,2,1003.1
119,¼ö¿ø,2021-07-11,26.1,24,29.4,0,2,1005.5
119,¼ö¿ø,2021-07-12,27.5,23.3,32.9,0,1.2,1005.6
119,¼ö¿ø,2021-07-13,28.8,25.2,32.7,,1.4,1005.3
119,¼ö¿ø,2021-07-14,29.3,24.9,33.5,,2,1007.6
119,¼ö¿ø,2021-07-15,28.7,25.2,34.5,0,1.6,1010
119,¼ö¿ø,2021-07-16,28.2,23.5,34.8,21.8,2,1009.8
119,¼ö¿ø,2021-07-17,28.1,23.1,32.8,0,2.1,1007.6
119,¼ö¿ø,2021-07-18,28.5,23.2,34.3,20.1,2,1006.9
119,¼ö¿ø,2021-07-19,26.8,23.8,32.3,6.3,1.3,1008.9
119,¼ö¿ø,2021-07-20,28.6,23.4,32.8,,1,1009.8
119,¼ö¿ø,2021-07-21,30.1,24.6,35.7,,1.6,1008.3
119,¼ö¿ø,2021-07-22,30.4,25.9,35.8,,1.9,1006.4
119,¼ö¿ø,2021-07-23,30.4,26.5,35.7,,1.8,1004.9
119,¼ö¿ø,2021-07-24,30.4,25.5,36.3,,1.5,1003.8
119,¼ö¿ø,2021-07-25,30.9,26.2,35.3,,2.3,1002.1
119,¼ö¿ø,2021-07-26,30.3,26.8,35.1,,2.4,1000.1
119,¼ö¿ø,2021-07-27,30.3,26,35.7,,1.6,998.5
119,¼ö¿ø,2021-07-28,29.3,26,34.3,7.5,1.7,998.2
119,¼ö¿ø,2021-07-29,28.4,25.1,33.7,,1.4,997.7
119,¼ö¿ø,2021-07-30,29.7,24.4,35.4,,1.7,996.1
119,¼ö¿ø,2021-07-31,29,26.4,33.9,3.2,1.9,996.3
119,¼ö¿ø,2021-08-01,26.8,24.6,29.1,14.3,1.1,996.5
119,¼ö¿ø,2021-08-02,25.9,24.3,29.1,1.1,1.1,999.2
119,¼ö¿ø,2021-08-03,27.4,23.3,31.3,0,1.2,1003.4
119,¼ö¿ø,2021-08-04,28.5,25.3,33.4,,1.7,1004.4
119,¼ö¿ø,2021-08-05,29.1,24.9,34.4,,1.5,1001.9
119,¼ö¿ø,2021-08-06,28.3,25,33.6,0,1.8,999.5
119,¼ö¿ø,2021-08-07,27.3,22.4,32.4,,1.5,999
119,¼ö¿ø,2021-08-08,27.1,23.7,32.2,0,1.6,998.7
119,¼ö¿ø,2021-08-09,28.2,22.6,34.4,,2,999
119,¼ö¿ø,2021-08-10,27.7,24.8,32.4,,2.5,1003.3
119,¼ö¿ø,2021-08-11,26.8,24,32,1.5,1.3,1005.7
119,¼ö¿ø,2021-08-12,27.4,23.1,31.8,0,1.3,1004.9
119,¼ö¿ø,2021-08-13,27.1,23.7,30,,1.4,1002.1
119,¼ö¿ø,2021-08-14,26.7,24.4,30.6,,2.1,1003.6
119,¼ö¿ø,2021-08-15,26.8,22.6,32.6,,1.7,1009.2
119,¼ö¿ø,2021-08-16,27.3,23.1,31.7,,2.8,1009.7
119,¼ö¿ø,2021-08-17,25.8,22.4,31.2,1.5,2.3,1005.8
119,¼ö¿ø,2021-08-18,23.8,20,30.2,31.1,1.7,1006
119,¼ö¿ø,2021-08-19,25.9,21,31.5,,2.3,1007.3
119,¼ö¿ø,2021-08-20,25.9,21.7,30.4,6.5,1.8,1007.1
119,¼ö¿ø,2021-08-21,24,22.2,28.1,22.7,3.3,998.9
119,¼ö¿ø,2021-08-22,24.5,22.1,27.5,0,2,1004.1
119,¼ö¿ø,2021-08-23,22.3,20.9,24.3,13.2,2,1004.2
119,¼ö¿ø,2021-08-24,24.1,21.8,26.8,13.7,2.9,995.6
119,¼ö¿ø,2021-08-25,24.3,23,25.8,1.8,1.6,1002.2
119,¼ö¿ø,2021-08-26,25.4,22.6,28.3,0,2,1007.8
119,¼ö¿ø,2021-08-27,22.3,19.5,25.4,3.5,1,1008.9
119,¼ö¿ø,2021-08-28,23,19.2,27.4,0,1.3,1010.1
119,¼ö¿ø,2021-08-29,22.5,19,27.2,8.1,1.3,1009.8
119,¼ö¿ø,2021-08-30,23.9,20.9,27.6,0,0.8,1011.6
119,¼ö¿ø,2021-08-31,21.1,18.7,24.5,42.1,1.6,1009.7
119,¼ö¿ø,2021-09-01,21.4,19.3,23.5,70.9,1.6,1005.1
119,¼ö¿ø,2021-09-02,23.4,21.2,26.9,,1.9,1005.4
119,¼ö¿ø,2021-09-03,24.7,20.1,29.7,,1.7,1005.2
119,¼ö¿ø,2021-09-04,23.7,18.7,27.8,,2.2,1010.8
119,¼ö¿ø,2021-09-05,22.9,18,26.7,,2.4,1014
119,¼ö¿ø,2021-09-06,21.7,17.7,26.3,16.7,3.1,1012
119,¼ö¿ø,2021-09-07,20.6,18,22.7,17.8,2.3,1003.6
119,¼ö¿ø,2021-09-08,21.9,19,27.1,0.4,1.9,1006.3
119,¼ö¿ø,2021-09-09,22.9,18.3,29.1,,1,1009.3
119,¼ö¿ø,2021-09-10,23.5,19.9,28.9,,1.2,1008.9
119,¼ö¿ø,2021-09-11,23.8,19.5,29.7,,1.3,1008.4
119,¼ö¿ø,2021-09-12,23.8,18.6,29.9,,1.3,1008.9
119,¼ö¿ø,2021-09-13,25,20.3,29.8,,2.7,1011.9
119,¼ö¿ø,2021-09-14,23.9,19.6,28,,2.4,1011
119,¼ö¿ø,2021-09-15,23.8,19.1,29.5,,3.2,1011.7
119,¼ö¿ø,2021-09-16,23,17.7,27.5,,2.5,1008.3
119,¼ö¿ø,2021-09-17,23.7,21,27.8,0,2.4,1005.2
119,¼ö¿ø,2021-09-18,22.9,16.7,29.6,,1.2,1010.1
119,¼ö¿ø,2021-09-19,23.5,19.9,28.5,,1.4,1011.2
119,¼ö¿ø,2021-09-20,23.8,19,28.2,,3.3,1006.6
119,¼ö¿ø,2021-09-21,22.6,20.4,26.5,30.1,2.5,1001
119,¼ö¿ø,2021-09-22,20.4,18,25.5,15.6,3.3,1004.5
119,¼ö¿ø,2021-09-23,20.1,15.5,24.8,,2.1,1012.7
119,¼ö¿ø,2021-09-24,22,15.5,27.2,,1.8,1018
119,¼ö¿ø,2021-09-25,21.6,17.9,24.2,0,1.6,1018.7
119,¼ö¿ø,2021-09-26,22.8,19.1,27.3,,2.2,1016
119,¼ö¿ø,2021-09-27,21.8,19,25.2,0,2.3,1011.5
119,¼ö¿ø,2021-09-28,21.6,19.8,25.3,1.2,2.5,1008.3
119,¼ö¿ø,2021-09-29,20.6,17.4,22.7,11.4,1.5,1003.7
119,¼ö¿ø,2021-09-30,20.5,15.8,27.1,,1.2,1004.8
119,¼ö¿ø,2021-10-01,20.7,15.4,27.8,6.2,1.7,1004.5
119,¼ö¿ø,2021-10-02,20.5,16,26.4,1.9,1.1,1009.6
119,¼ö¿ø,2021-10-03,22,16.8,28.7,,1.4,1014.2
119,¼ö¿ø,2021-10-04,23.3,17.4,27.2,0,2.4,1015.3
119,¼ö¿ø,2021-10-05,24.3,22.3,28.1,,2.7,1016.2
119,¼ö¿ø,2021-10-06,21.1,19.3,23.4,0.8,2.2,1014.9
119,¼ö¿ø,2021-10-07,20.1,18.2,23,3.2,1.4,1012.5
119,¼ö¿ø,2021-10-08,19.9,18,21.7,2.5,0.8,1016.5
119,¼ö¿ø,2021-10-09,22.8,19.5,27,0.2,1.8,1017.2
119,¼ö¿ø,2021-10-10,20.8,15.6,26.3,9.1,2.1,1013.9
119,¼ö¿ø,2021-10-11,16.7,13.3,19.4,0.1,1.7,1016.8
119,¼ö¿ø,2021-10-12,17.8,16,19.4,0,2.5,1020.5
119,¼ö¿ø,2021-10-13,19.5,14.1,25,,1.7,1019.2
119,¼ö¿ø,2021-10-14,19,15.5,23.9,,1.5,1015.2
119,¼ö¿ø,2021-10-15,19,17.2,21.8,0.5,1,1013.8
119,¼ö¿ø,2021-10-16,11.6,5.3,18.1,0,3.9,1018.9
119,¼ö¿ø,2021-10-17,6,1.4,11.4,,2.6,1023.7
119,¼ö¿ø,2021-10-18,10.3,1.8,16.3,0,1.3,1018.9
119,¼ö¿ø,2021-10-19,10.9,6.3,16.3,11.3,2.1,1015.4
119,¼ö¿ø,2021-10-20,9,3.5,15.8,,1.2,1017
119,¼ö¿ø,2021-10-21,9.3,3.7,16.1,,1.1,1015.7
119,¼ö¿ø,2021-10-22,10.1,2.9,17,,1.6,1018.1
119,¼ö¿ø,2021-10-23,10.2,3.7,18.1,,1.2,1023.8
119,¼ö¿ø,2021-10-24,10.6,4.1,18.1,,1.1,1022
119,¼ö¿ø,2021-10-25,10.7,4.7,17.9,,1.1,1018.7
119,¼ö¿ø,2021-10-26,12.1,5.4,18.5,,1,1016
119,¼ö¿ø,2021-10-27,13,9.3,18.6,0.2,2.1,1015.3
119,¼ö¿ø,2021-10-28,11.8,4.3,20,,0.9,1019
119,¼ö¿ø,2021-10-29,14.2,9.2,20.3,,1.6,1020.5
119,¼ö¿ø,2021-10-30,14.2,10.4,19.2,,1.5,1019.5
119,¼ö¿ø,2021-10-31,13.6,7.5,19.7,,0.9,1019.5
119,¼ö¿ø,2021-11-01,12,8.3,17.3,,1.4,1019.2
119,¼ö¿ø,2021-11-02,10.9,6.4,16.7,,1.3,1017.7
119,¼ö¿ø,2021-11-03,11.4,5.5,17,0.8,1.1,1015.4
119,¼ö¿ø,2021-11-04,11.6,7.5,17.4,0,0.9,1015.7
119,¼ö¿ø,2021-11-05,11.9,5.3,20.4,,0.9,1016.6
119,¼ö¿ø,2021-11-06,13.3,6.6,21.8,,1,1016.4
119,¼ö¿ø,2021-11-07,15.1,6.2,21.4,,2.1,1015.3
119,¼ö¿ø,2021-11-08,9.1,4.4,16.6,38.4,3.1,1007.7
119,¼ö¿ø,2021-11-09,5.2,3.5,7.2,22.2,1.4,1006.2
119,¼ö¿ø,2021-11-10,4.8,0.3,8.8,0.1,2.1,1004.2
119,¼ö¿ø,2021-11-11,5.8,1.9,9.7,1.2,2.3,1007.3
119,¼ö¿ø,2021-11-12,4.9,0.8,9.2,,2.1,1013
119,¼ö¿ø,2021-11-13,7.6,0.7,13.9,,1.2,1014.3
119,¼ö¿ø,2021-11-14,10.9,6.6,16.8,,1.4,1013.5
119,¼ö¿ø,2021-11-15,8.9,3.7,15.5,,1,1017.3
119,¼ö¿ø,2021-11-16,7.8,3.1,14.2,,1.2,1020
119,¼ö¿ø,2021-11-17,7.1,1.2,12.8,,1.1,1019.4
119,¼ö¿ø,2021-11-18,11.1,5.7,16.9,0,1.9,1013.8
119,¼ö¿ø,2021-11-19,12.4,9,17.4,,1.5,1013.5
119,¼ö¿ø,2021-11-20,10.1,6.7,15.9,,0.9,1016.4
119,¼ö¿ø,2021-11-21,10,6.4,14.5,4.2,1.2,1012.1
119,¼ö¿ø,2021-11-22,3.9,0.1,7.7,1.2,4.2,1011.7
119,¼ö¿ø,2021-11-23,0.4,-2.9,2.2,0,2.5,1014.3
119,¼ö¿ø,2021-11-24,2.7,-2.5,7,0.9,1.2,1013
119,¼ö¿ø,2021-11-25,5.9,2.2,11,0.2,1.9,1014.3
119,¼ö¿ø,2021-11-26,3.1,-1.5,9.4,,1.4,1022.6
119,¼ö¿ø,2021-11-27,2.5,-2.8,10,,0.9,1029.7
119,¼ö¿ø,2021-11-28,3.9,-3.2,12.1,,0.8,1029.1
119,¼ö¿ø,2021-11-29,6.7,-0.1,13.3,,0.8,1021.9
119,¼ö¿ø,2021-11-30,6.1,1.7,9.5,35,3.7,1007.2
119,¼ö¿ø,2021-12-01,-0.2,-2.5,1.8,,4.7,1017.6
119,¼ö¿ø,2021-12-02,1.4,-4.9,6.1,0.2,1.9,1014.7
119,¼ö¿ø,2021-12-03,2.6,0,4.9,2.1,2.8,1014.7
119,¼ö¿ø,2021-12-04,1.4,-3.3,7.2,,1.4,1021.7
119,¼ö¿ø,2021-12-05,2.1,-4,9.8,,0.9,1024.7
119,¼ö¿ø,2021-12-06,4.7,-2.5,12.7,,0.8,1022.6
119,¼ö¿ø,2021-12-07,5.7,0.4,13,,1,1024.8
119,¼ö¿ø,2021-12-08,5.8,0,13.6,,0.7,1027.6
119,¼ö¿ø,2021-12-09,6.5,0.2,11.4,,1.2,1024.7
119,¼ö¿ø,2021-12-10,7.4,5.1,10.1,0.7,1.2,1020.6
119,¼ö¿ø,2021-12-11,5.6,2.6,9.9,,1,1021.6
119,¼ö¿ø,2021-12-12,1.8,-3.3,5.8,,3,1021.6
119,¼ö¿ø,2021-12-13,-1.8,-5.6,2.1,,2.1,1023.7
119,¼ö¿ø,2021-12-14,3.8,-1.5,7.5,1.6,1.5,1017
119,¼ö¿ø,2021-12-15,6.4,3.2,10.8,3.4,1.2,1015.7
119,¼ö¿ø,2021-12-16,5.5,1.8,10.3,,1.2,1014.3
119,¼ö¿ø,2021-12-17,-4.5,-9,4,,5,1020
119,¼ö¿ø,2021-12-18,-4.5,-11.1,-0.5,0.5,2,1021
119,¼ö¿ø,2021-12-19,-0.8,-7,4,1.7,1.6,1017.6
119,¼ö¿ø,2021-12-20,5.4,-1.1,11.5,0,1.6,1012.6
119,¼ö¿ø,2021-12-21,4.8,0.8,10.5,,1.5,1013
119,¼ö¿ø,2021-12-22,1.5,-3.4,8.3,,1,1018.9
119,¼ö¿ø,2021-12-23,1.8,-3.8,8.9,,0.7,1020.1
119,¼ö¿ø,2021-12-24,0,-6.4,4.5,0,2.3,1018.5
119,¼ö¿ø,2021-12-25,-10.4,-13.6,-6.4,,4,1027.8
119,¼ö¿ø,2021-12-26,-10.8,-14.3,-6.4,,3.2,1029.7
119,¼ö¿ø,2021-12-27,-7.5,-13.2,-3.4,0,1.3,1026.6
119,¼ö¿ø,2021-12-28,-3.2,-8.7,1.1,,0.9,1023.2
119,¼ö¿ø,2021-12-29,0.8,-4.7,6.3,2.1,2,1015.5
119,¼ö¿ø,2021-12-30,-3.1,-6.1,0,,2.7,1021.1
119,¼ö¿ø,2021-12-31,-5.8,-7.9,-3,,3.1,1027.1
119,¼ö¿ø,2022-01-01,-4.4,-11.7,1.8,,0.9,1026.3
119,¼ö¿ø,2022-01-02,-1.4,-5.6,3.5,0.5,1.8,1022
119,¼ö¿ø,2022-01-03,-2.4,-9.5,3.1,0,1.1,1021.7
119,¼ö¿ø,2022-01-04,-2,-6.4,1.9,0,2,1023.5
119,¼ö¿ø,2022-01-05,-2.7,-9.5,2.8,,0.9,1023
119,¼ö¿ø,2022-01-06,-2.3,-7,4.1,,1.6,1024.3
119,¼ö¿ø,2022-01-07,-3,-8.7,4.2,,0.9,1025.2
119,¼ö¿ø,2022-01-08,-0.3,-7.5,5,0,1.1,1020
119,¼ö¿ø,2022-01-09,0.4,-4.1,5.1,,1,1018
119,¼ö¿ø,2022-01-10,-0.2,-5.4,4.9,0.5,1,1016.1
119,¼ö¿ø,2022-01-11,-6.3,-9.6,0.3,0.5,3.5,1016.5
119,¼ö¿ø,2022-01-12,-6.9,-11.4,-2.7,,1.8,1018.5
119,¼ö¿ø,2022-01-13,-5.2,-7.9,-2.4,0,3.7,1017.6
119,¼ö¿ø,2022-01-14,-4.7,-9.1,1.1,,1.5,1021.3
119,¼ö¿ø,2022-01-15,-0.3,-6,3.7,0,0.9,1018.3
119,¼ö¿ø,2022-01-16,-1.8,-5.8,3.8,,2.9,1020.8
119,¼ö¿ø,2022-01-17,-5,-9.5,0,0.2,2.1,1023
119,¼ö¿ø,2022-01-18,-5.4,-9.7,0.2,,1.5,1024
119,¼ö¿ø,2022-01-19,-5.3,-9,-1.7,0.6,1.7,1020.3
119,¼ö¿ø,2022-01-20,-5,-11.4,1.5,,1.3,1024.4
119,¼ö¿ø,2022-01-21,-3.5,-10.7,5.1,,0.9,1025.5
119,¼ö¿ø,2022-01-22,0.1,-6.1,6,,0.9,1021.6
119,¼ö¿ø,2022-01-23,1.6,-2.4,7.9,,1.2,1017.5
119,¼ö¿ø,2022-01-24,4.2,-4.4,9.6,,2.5,1017.1
119,¼ö¿ø,2022-01-25,2.9,1.6,5.2,0.8,2,1016.7
119,¼ö¿ø,2022-01-26,0.9,-2.9,6,,1.7,1020.1
119,¼ö¿ø,2022-01-27,-0.8,-4.3,3.7,,1.8,1020.5
119,¼ö¿ø,2022-01-28,-2.4,-5.3,2.3,,2,1020.5
119,¼ö¿ø,2022-01-29,-3.4,-8.1,1.2,,2,1017.8
119,¼ö¿ø,2022-01-30,-3.1,-9.6,2.8,,1.6,1017.8
119,¼ö¿ø,2022-01-31,-0.9,-9.1,4.9,0.8,1.5,1019.4
119,¼ö¿ø,2022-02-01,-0.8,-2.7,1.4,1.3,2.4,1020.8
119,¼ö¿ø,2022-02-02,-2.4,-4.2,0.3,,2,1023.9
119,¼ö¿ø,2022-02-03,-3,-7.3,1.7,0,1.8,1022.6
119,¼ö¿ø,2022-02-04,-4.1,-8.2,-0.3,0,3.1,1020.7
119,¼ö¿ø,2022-02-05,-5.7,-8.9,-0.9,,3.3,1022
119,¼ö¿ø,2022-02-06,-3.4,-9.7,2,,2.3,1023.4
119,¼ö¿ø,2022-02-07,-2.5,-9.1,2.3,,1.4,1023.9
119,¼ö¿ø,2022-02-08,-0.6,-5.8,5.8,,1.3,1023
119,¼ö¿ø,2022-02-09,0.3,-7.2,7.1,,0.9,1021
119,¼ö¿ø,2022-02-10,1,-4.5,6.8,,1.6,1018.9
119,¼ö¿ø,2022-02-11,2.1,-3.8,8.7,,1.1,1021.9
119,¼ö¿ø,2022-02-12,3.6,-2.2,10.4,,1.1,1020.3
119,¼ö¿ø,2022-02-13,4,-1.2,10.6,,1.1,1017.3
119,¼ö¿ø,2022-02-14,1.9,-2.9,9.6,1.7,2.6,1016
119,¼ö¿ø,2022-02-15,-4.1,-7.1,-0.4,0,3.9,1017.8
119,¼ö¿ø,2022-02-16,-6.6,-8.9,-4,0,3.7,1019.5
119,¼ö¿ø,2022-02-17,-6.4,-9.7,-1.2,,2.6,1024
119,¼ö¿ø,2022-02-18,-1.6,-10,5.4,,1.3,1025.1
119,¼ö¿ø,2022-02-19,-0.9,-5.5,4,,2.8,1019.6
119,¼ö¿ø,2022-02-20,-4.3,-7.8,-0.7,,3.7,1022.2
119,¼ö¿ø,2022-02-21,-2.4,-7.9,4.4,0,3.3,1023.6
119,¼ö¿ø,2022-02-22,-3.9,-7,0.4,0,3.1,1027.6
119,¼ö¿ø,2022-02-23,-5.1,-9.3,-1.3,,2.4,1028.5
119,¼ö¿ø,2022-02-24,-2.8,-10.6,3.2,,1.8,1026.4
119,¼ö¿ø,2022-02-25,2.9,-5.1,9.1,,2,1022.2
119,¼ö¿ø,2022-02-26,5.1,1.3,10,1,3.7,1013.7
119,¼ö¿ø,2022-02-27,3.8,-2.8,9.3,,2.7,1017.5
119,¼ö¿ø,2022-02-28,5.7,-0.9,11.5,,1,1016.3
119,¼ö¿ø,2022-03-01,4.3,-0.3,8.8,2.9,1.9,1010.6
119,¼ö¿ø,2022-03-02,2.7,-3.3,8.4,,1.8,1013.6
119,¼ö¿ø,2022-03-03,4.7,-1.1,11.8,,1.4,1013.6
119,¼ö¿ø,2022-03-04,6.9,-1.3,15.9,,3.5,1007.6
119,¼ö¿ø,2022-03-05,2.8,-0.2,6,,4.6,1011.8
119,¼ö¿ø,2022-03-06,1.5,-1.4,5.6,,3,1017.5
119,¼ö¿ø,2022-03-07,2,-4.2,8.8,,1,1016.3
119,¼ö¿ø,2022-03-08,4.7,-2.1,12.2,,1.2,1014.9
119,¼ö¿ø,2022-03-09,5.9,0,13.7,,1.2,1017.5
119,¼ö¿ø,2022-03-10,8.2,0.5,16,,1.3,1016.3
119,¼ö¿ø,2022-03-11,10.1,2.2,18.4,,1,1013.8
119,¼ö¿ø,2022-03-12,13,3.6,20.5,,1.9,1010.4
119,¼ö¿ø,2022-03-13,11.8,8.5,15.2,22.1,1.6,1006.8
119,¼ö¿ø,2022-03-14,8.7,3.9,14.4,7.9,2.8,1007.4
119,¼ö¿ø,2022-03-15,6.4,0.9,13.6,,1.3,1010
119,¼ö¿ø,2022-03-16,9,1.7,16.5,,1.1,1012.3
119,¼ö¿ø,2022-03-17,10.9,7.7,14.9,0.1,2.5,1014.4
119,¼ö¿ø,2022-03-18,8.2,6.5,10.8,0.5,3.5,1006.5
119,¼ö¿ø,2022-03-19,3.4,1.1,6.5,12.2,2,1004.9
119,¼ö¿ø,2022-03-20,4.5,1.4,8.6,,1.9,1014.8
119,¼ö¿ø,2022-03-21,4.7,-1.8,9.9,,1.5,1019.5
119,¼ö¿ø,2022-03-22,6.2,0.1,12.9,,1.8,1017.6
119,¼ö¿ø,2022-03-23,5.6,2.8,8.3,,1.3,1014
119,¼ö¿ø,2022-03-24,8,2.3,14.1,,1.4,1015.4
119,¼ö¿ø,2022-03-25,12.4,4.4,18.7,8.2,2.4,1010.3
119,¼ö¿ø,2022-03-26,10.8,6.8,14.3,20.8,2.9,998.5
119,¼ö¿ø,2022-03-27,7.3,3,12.8,,2.6,1011.9
119,¼ö¿ø,2022-03-28,7,0.3,14.2,,0.8,1021.4
119,¼ö¿ø,2022-03-29,9.1,1.5,16.3,,1.6,1020.1
119,¼ö¿ø,2022-03-30,10.3,4.4,14.9,0,1.5,1016.3
119,¼ö¿ø,2022-03-31,10.5,6.9,15.2,,2.3,1019.4
119,¼ö¿ø,2022-04-01,8.5,4,14.5,,2,1024.4
119,¼ö¿ø,2022-04-02,6.9,1.5,13.7,,2,1023.3
119,¼ö¿ø,2022-04-03,8.2,1.3,16.2,,1.8,1023.7
119,¼ö¿ø,2022-04-04,8.9,2.1,16,,1.8,1023.6
119,¼ö¿ø,2022-04-05,9.5,1.6,16.4,,1.7,1018.2
119,¼ö¿ø,2022-04-06,10.6,6.9,16.9,,1.8,1016.9
119,¼ö¿ø,2022-04-07,10.2,6,15,,2.3,1014.1
119,¼ö¿ø,2022-04-08,12.5,3.6,20.9,,1.6,1014.7
119,¼ö¿ø,2022-04-09,17.2,9.7,24,1.3,2.6,1010.8
119,¼ö¿ø,2022-04-10,17,8.8,25.1,,1.7,1012.1
119,¼ö¿ø,2022-04-11,18.7,11.6,26.2,,1.6,1008.8
119,¼ö¿ø,2022-04-12,17.8,13.7,24.8,0,2.4,1006.5
119,¼ö¿ø,2022-04-13,11.6,9.8,14.1,9.5,2.7,1010.1
119,¼ö¿ø,2022-04-14,11.1,8.3,14.3,1.2,3.6,1014
119,¼ö¿ø,2022-04-15,11.5,7.3,17.3,,2.2,1013.5
119,¼ö¿ø,2022-04-16,11.4,4.6,18.3,,2.1,1013.6
119,¼ö¿ø,2022-04-17,12.2,4.5,20.7,,1.7,1014.2
119,¼ö¿ø,2022-04-18,13.6,9,20.8,,1.7,1013.8
119,¼ö¿ø,2022-04-19,13.2,6.1,21.4,,1.8,1013.3
119,¼ö¿ø,2022-04-20,13.8,6,21.7,,1.7,1011.8
119,¼ö¿ø,2022-04-21,14.9,7,22.8,,2,1007.9
119,¼ö¿ø,2022-04-22,15.1,12.3,19,,2.8,1006.6
119,¼ö¿ø,2022-04-23,16.3,8.5,25.2,,1.2,1007.9
119,¼ö¿ø,2022-04-24,17.6,11.6,24.6,0,1.7,1007.3
119,¼ö¿ø,2022-04-25,19.9,16.4,24.7,4.2,1.2,1006.5
119,¼ö¿ø,2022-04-26,19.4,15.5,24.7,12,2.7,999.3
119,¼ö¿ø,2022-04-27,16,11.3,22.1,,2.5,1010.5
119,¼ö¿ø,2022-04-28,16.1,9.8,24.7,,1.8,1011.6
119,¼ö¿ø,2022-04-29,13.4,10.3,17.1,14.2,2.5,1012.1
119,¼ö¿ø,2022-04-30,12.8,9.4,18,,2.9,1013.4
119,¼ö¿ø,2022-05-01,12.8,6.4,18.6,,3,1009.2
119,¼ö¿ø,2022-05-02,13.2,8.8,18.6,0,2.3,1009.6
119,¼ö¿ø,2022-05-03,14,7.6,20.9,,1.8,1014.9
119,¼ö¿ø,2022-05-04,16.5,7.7,25.3,,2.2,1014.8
119,¼ö¿ø,2022-05-05,17.3,8.9,24.8,,1.6,1014.5
119,¼ö¿ø,2022-05-06,18.4,11.4,24.9,,2,1012.2
119,¼ö¿ø,2022-05-07,16.7,13.5,23,0.1,2.6,1012.9
119,¼ö¿ø,2022-05-08,15.2,11.3,18,2.4,2.4,1014.6
119,¼ö¿ø,2022-05-09,16.7,11.1,24.4,,2,1013.7
119,¼ö¿ø,2022-05-10,18.1,10.7,25.3,0,2,1011.9
119,¼ö¿ø,2022-05-11,17.9,13.7,23.3,0,1.8,1011
119,¼ö¿ø,2022-05-12,19.1,12.4,26.9,,1.7,1006.8
119,¼ö¿ø,2022-05-13,18.5,14.4,23.5,,2.1,1003.5
119,¼ö¿ø,2022-05-14,14.7,9.9,18.7,,3.1,1008.5
119,¼ö¿ø,2022-05-15,14.5,7.7,20.9,,2.5,1010.1
119,¼ö¿ø,2022-05-16,16.4,8.5,23.4,,2.5,1007.5
119,¼ö¿ø,2022-05-17,19.3,12.2,26.7,,2.2,1008.9
119,¼ö¿ø,2022-05-18,20.4,14.4,26.5,0.5,2.7,1011.6
119,¼ö¿ø,2022-05-19,19.7,15.3,23.1,,3,1012.4
119,¼ö¿ø,2022-05-20,19.7,13.2,25.3,,2,1009.4
119,¼ö¿ø,2022-05-21,19.1,15.7,24.5,,2.3,1005.5
119,¼ö¿ø,2022-05-22,19.6,15,25.1,,2.2,1003.8
119,¼ö¿ø,2022-05-23,21.6,16.8,29.6,,2,1007.8
119,¼ö¿ø,2022-05-24,20.9,14.3,28.8,,1.7,1009.8
119,¼ö¿ø,2022-05-25,19.7,15,25.4,10,2.1,1004.8
119,¼ö¿ø,2022-05-26,18.2,13.8,23.3,,3,1000.4
119,¼ö¿ø,2022-05-27,19.1,15.6,23.9,,2.9,997.5
119,¼ö¿ø,2022-05-28,21.5,13.6,29,,2.5,1001.2
119,¼ö¿ø,2022-05-29,21.9,16.1,28.8,,1.8,1001
119,¼ö¿ø,2022-05-30,19.7,15.2,23.8,0.4,2,998.5
119,¼ö¿ø,2022-05-31,19.5,11.9,26.6,,1.8,1003.7
119,¼ö¿ø,2022-06-01,21.1,14.9,28.8,,2.5,1002.1
119,¼ö¿ø,2022-06-02,19.9,13.7,25.7,,2,1003.6
119,¼ö¿ø,2022-06-03,23.1,18.7,30.9,,1.8,1005.6
119,¼ö¿ø,2022-06-04,24.5,18.2,28.9,,1.8,1005.4
119,¼ö¿ø,2022-06-05,21.5,18.7,25.3,0.3,3.1,998.6
119,¼ö¿ø,2022-06-06,19.5,16.7,23.8,3.1,2,997.4
119,¼ö¿ø,2022-06-07,19.9,15,24.3,,2.4,1003.2
119,¼ö¿ø,2022-06-08,20.6,16.5,25.3,,2.2,1007.1
119,¼ö¿ø,2022-06-09,20.7,17.2,25.9,0.1,1.5,1008.9
119,¼ö¿ø,2022-06-10,21.3,16.5,27.3,1.3,1.6,1009.5
119,¼ö¿ø,2022-06-11,24.3,16.4,31.6,0,1.9,1007.7
119,¼ö¿ø,2022-06-12,23.7,19.4,29.7,,2.3,1007.9
119,¼ö¿ø,2022-06-13,24.7,19.9,29.9,,2.9,1004.8
119,¼ö¿ø,2022-06-14,21.2,17.4,26.1,0.5,4.2,1004.3
119,¼ö¿ø,2022-06-15,17.9,14.9,21.4,52.7,2,1001.9
119,¼ö¿ø,2022-06-16,19.9,17.1,25,0.1,2.1,1003.9
119,¼ö¿ø,2022-06-17,21.7,15.6,26.1,,1.3,1004
119,¼ö¿ø,2022-06-18,23.1,21.5,26.3,,1.3,1003.4
119,¼ö¿ø,2022-06-19,23.4,21.6,25.7,0,1.4,1003.5
119,¼ö¿ø,2022-06-20,24.6,20.9,30.3,,1.3,1000.5
119,¼ö¿ø,2022-06-21,24.6,19.5,31.4,,2,999.9
119,¼ö¿ø,2022-06-22,24.4,20.8,30.1,,1.5,1003.2
119,¼ö¿ø,2022-06-23,24.3,21.2,28.8,65,2.6,995.6
119,¼ö¿ø,2022-06-24,23.3,19.7,26.4,15.4,3.2,994.2
119,¼ö¿ø,2022-06-25,26.4,21.5,31.7,,2.5,1000
119,¼ö¿ø,2022-06-26,27.1,24.7,29.6,,2.6,1004.1
119,¼ö¿ø,2022-06-27,27.8,25.1,29.8,3.4,2.9,1002.5
119,¼ö¿ø,2022-06-28,28.4,27.7,29.8,0,5.7,998.7
119,¼ö¿ø,2022-06-29,25.6,24.3,28,45.2,3.7,1000.6
119,¼ö¿ø,2022-06-30,23.8,21.4,27.4,285,1.8,1006.2
119,¼ö¿ø,2022-07-01,27.3,23.4,31.4,5.4,1.7,1010
119,¼ö¿ø,2022-07-02,27.9,23.3,33.7,,1.3,1008.4
119,¼ö¿ø,2022-07-03,28.5,22.9,34.3,,1.4,1004.4
119,¼ö¿ø,2022-07-04,28.7,25.2,32.6,,1.5,1001.1
119,¼ö¿ø,2022-07-05,28.1,24.7,32.8,0,1.3,1001.1
119,¼ö¿ø,2022-07-06,29.6,25.1,34.5,23.5,1.9,1002.7
119,¼ö¿ø,2022-07-07,29,25.9,32.1,0,2.9,1001.2
119,¼ö¿ø,2022-07-08,26.6,24.2,30.2,0.2,2.5,998.9
119,¼ö¿ø,2022-07-09,26.2,23.2,31.3,0,1.8,998.7
119,¼ö¿ø,2022-07-10,28.3,23.2,34.8,0,1.2,1000.5
119,¼ö¿ø,2022-07-11,26.6,22.4,30.6,0.7,1.7,1001.7
119,¼ö¿ø,2022-07-12,27.5,24.1,30.3,,1.8,1003.1
119,¼ö¿ø,2022-07-13,24.9,23.7,27.9,139.1,2.4,998.1
119,¼ö¿ø,2022-07-14,24.9,22.6,29,0.8,2.1,996.2
119,¼ö¿ø,2022-07-15,25.5,21.9,29.9,,1.9,995.9
119,¼ö¿ø,2022-07-16,25.4,22.6,29.4,,2.3,994.5
119,¼ö¿ø,2022-07-17,25.4,22.1,30,,1.7,996.6
119,¼ö¿ø,2022-07-18,25.8,23.2,28.9,0,1.9,995.2
119,¼ö¿ø,2022-07-19,26.2,22.9,30.4,,1.9,998.4
119,¼ö¿ø,2022-07-20,27,24.1,31.5,0.6,1.5,1002
119,¼ö¿ø,2022-07-21,23.6,21.1,26.2,12.4,1.9,997.9
119,¼ö¿ø,2022-07-22,25.3,22.8,28.4,0.1,2.1,1001.6
119,¼ö¿ø,2022-07-23,24.6,22.1,28.1,25.7,1.6,1000.5
119,¼ö¿ø,2022-07-24,25.6,22.8,29.2,0.4,1.6,998.2
119,¼ö¿ø,2022-07-25,26.7,23.5,31.2,,1.7,1004.6
119,¼ö¿ø,2022-07-26,28.3,23,33.8,,1.4,1005.2
119,¼ö¿ø,2022-07-27,28,24.4,31.6,,2,1005.4
119,¼ö¿ø,2022-07-28,28.7,24.9,33.7,0.3,2.6,1006.6
119,¼ö¿ø,2022-07-29,30.6,25.8,35,,1.8,1007.6
119,¼ö¿ø,2022-07-30,31.1,27.4,35.2,0,3.2,1005.1
119,¼ö¿ø,2022-07-31,27.5,25.4,29.7,33.8,2.5,1001.9
119,¼ö¿ø,2022-08-01,28.7,25.2,32.8,37.3,2.9,1001.3
119,¼ö¿ø,2022-08-02,27.3,26.2,29.8,5,2.6,1004.4
119,¼ö¿ø,2022-08-03,27.8,24.9,31.2,55.5,2.5,1006.2
119,¼ö¿ø,2022-08-04,28.7,25.9,33,0,2,1005.4
119,¼ö¿ø,2022-08-05,28.7,26.1,32.2,0.4,1.9,1002.2
119,¼ö¿ø,2022-08-06,28.5,26.6,32.1,6.9,1.2,1001.9
119,¼ö¿ø,2022-08-07,29.2,26.7,32.9,0,2.2,1002.2
119,¼ö¿ø,2022-08-08,27.5,24.5,29.4,129.4,2.6,1002.2
119,¼ö¿ø,2022-08-09,26.1,23.2,28.5,192.8,2.5,1001.7
119,¼ö¿ø,2022-08-10,23.5,21.9,26,14.6,1.1,1002
119,¼ö¿ø,2022-08-11,24.4,23.4,26.4,83.7,1.2,1000.1
119,¼ö¿ø,2022-08-12,26.4,22.6,32,,1.2,1002.1
119,¼ö¿ø,2022-08-13,25.4,23.4,26.8,6.9,1.3,1001.6
119,¼ö¿ø,2022-08-14,27.1,24.8,31.5,31.5,1.3,1001.5
119,¼ö¿ø,2022-08-15,28.4,26,31.2,0.6,3.8,996.9
119,¼ö¿ø,2022-08-16,26.2,22.7,30.3,0,2.1,999.5
119,¼ö¿ø,2022-08-17,25.3,21.7,30.8,,1.4,1002
119,¼ö¿ø,2022-08-18,25.1,21.7,30.2,,1.5,1003.4
119,¼ö¿ø,2022-08-19,26.2,22.1,28.9,9,2.4,998.6
119,¼ö¿ø,2022-08-20,27.3,24.5,30.8,0,2.1,997.9
119,¼ö¿ø,2022-08-21,27.4,23.7,33,,1.3,1000.8
119,¼ö¿ø,2022-08-22,26.4,21.9,30.9,2.2,1.5,1000.3
119,¼ö¿ø,2022-08-23,24.9,21.2,29.9,6.1,1.3,1001.7
119,¼ö¿ø,2022-08-24,24.5,20.7,28.2,,2.4,1003.8
119,¼ö¿ø,2022-08-25,22.1,20.2,25.3,0.4,1,1003.7
119,¼ö¿ø,2022-08-26,23.2,18.3,28.3,,1.8,1003.2
119,¼ö¿ø,2022-08-27,21.7,18.4,25.6,2.4,2.6,1006.2
119,¼ö¿ø,2022-08-28,22.2,14.8,28.8,,1.5,1010.4
119,¼ö¿ø,2022-08-29,20.9,18.7,22.6,1.4,2.3,1011.4
119,¼ö¿ø,2022-08-30,19.3,17.8,20.6,54.7,1.7,1006.9
119,¼ö¿ø,2022-08-31,21.3,19.5,24,0,0.9,1004.7
119,¼ö¿ø,2022-09-01,23.7,17.5,30.8,,1.1,1009.2
119,¼ö¿ø,2022-09-02,24.6,20.1,29.7,,2.5,1011.6
119,¼ö¿ø,2022-09-03,24.3,19.9,28.8,,3.2,1009.9
119,¼ö¿ø,2022-09-04,23.4,21.1,26.4,18.7,2.8,1005.2
119,¼ö¿ø,2022-09-05,19.9,18.1,23,120.4,1.8,1002
119,¼ö¿ø,2022-09-06,20.9,17.5,26.1,39.3,3.2,1001.2
119,¼ö¿ø,2022-09-07,21.7,17.6,28.1,,1.6,1013
119,¼ö¿ø,2022-09-08,22.2,15.5,29.7,,1,1013.8
119,¼ö¿ø,2022-09-09,23.5,17.6,30.7,,1.2,1013.1
119,¼ö¿ø,2022-09-10,23.3,18.2,27.8,,2.1,1013.3
119,¼ö¿ø,2022-09-11,22.8,20.4,26.6,,1.4,1010.7
119,¼ö¿ø,2022-09-12,23.6,19.1,28.4,,0.9,1009.9
119,¼ö¿ø,2022-09-13,24.5,21.6,27.2,0,1.2,1011.5
119,¼ö¿ø,2022-09-14,25,22.3,28.9,0,3,1011.4
119,¼ö¿ø,2022-09-15,25.4,21.9,28.7,,3.5,1006.8
119,¼ö¿ø,2022-09-16,26,23.1,31.2,7.3,2.9,1003.5
119,¼ö¿ø,2022-09-17,25.5,23.3,30.2,2.4,1.3,1004
119,¼ö¿ø,2022-09-18,27.3,23.1,32,,1.5,999.3
119,¼ö¿ø,2022-09-19,25,19.6,29.8,,3.3,997.6
119,¼ö¿ø,2022-09-20,19.5,15.5,24,,1.7,1009.4
119,¼ö¿ø,2022-09-21,19,11.9,25.1,,1.4,1012.8
119,¼ö¿ø,2022-09-22,19.2,15.1,24.6,,1.9,1011.1
119,¼ö¿ø,2022-09-23,16.9,13.6,23.1,2,2.5,1009.2
119,¼ö¿ø,2022-09-24,17.7,11.1,24.4,,1.4,1012.8
119,¼ö¿ø,2022-09-25,19.3,14.6,25.2,,1.2,1012.2
119,¼ö¿ø,2022-09-26,19.4,14.2,26.6,,1.1,1012.7
119,¼ö¿ø,2022-09-27,19.9,12.6,28.1,,1,1011.5
119,¼ö¿ø,2022-09-28,19.9,15,26.1,,1.1,1009.7
119,¼ö¿ø,2022-09-29,19.2,15.1,26.5,,1.1,1010.8
119,¼ö¿ø,2022-09-30,19.9,13.5,28.1,,1,1012.1
119,¼ö¿ø,2022-10-01,19.5,13.9,27.4,,0.8,1013.6
119,¼ö¿ø,2022-10-02,19.9,16.5,23.4,12,2.2,1011.9
119,¼ö¿ø,2022-10-03,22.5,18.4,24.5,38.7,2.5,1007.6
119,¼ö¿ø,2022-10-04,18.9,14.5,23.7,21.2,3,1008.7
119,¼ö¿ø,2022-10-05,16.2,12.6,21.4,,1.4,1015.4
119,¼ö¿ø,2022-10-06,16.8,14.1,20.8,,1.3,1014.9
119,¼ö¿ø,2022-10-07,14.5,10.7,18.8,,2.4,1015.9
119,¼ö¿ø,2022-10-08,15.8,9.9,21.5,,1.9,1019.4
119,¼ö¿ø,2022-10-09,13.5,11.3,15.5,23,2.1,1013.6
119,¼ö¿ø,2022-10-10,10,8.7,13.3,13.6,3.5,1010
119,¼ö¿ø,2022-10-11,10.7,6.4,16.4,,1.9,1017.6
119,¼ö¿ø,2022-10-12,12.7,5.3,20.9,,1.3,1022.2
119,¼ö¿ø,2022-10-13,15.6,9.9,22.9,,1.2,1020.5
119,¼ö¿ø,2022-10-14,16.3,10.7,23.3,,1,1015.9
119,¼ö¿ø,2022-10-15,17.7,11.9,25.1,,1,1014.7
119,¼ö¿ø,2022-10-16,17.1,14.4,20.7,,1,1013.9
119,¼ö¿ø,2022-10-17,11.6,6.9,15.3,,3.4,1015.7
119,¼ö¿ø,2022-10-18,9.1,4.8,14,,1.9,1018.8
119,¼ö¿ø,2022-10-19,9.7,2.5,16.7,,1.2,1022
119,¼ö¿ø,2022-10-20,12.1,4.5,19.6,,1,1023.4
119,¼ö¿ø,2022-10-21,13,7.6,19.9,,1.1,1020.3
119,¼ö¿ø,2022-10-22,14.5,8.3,20.6,,1.3,1016.7
119,¼ö¿ø,2022-10-23,13.7,10.1,18.3,,2.2,1014.8
119,¼ö¿ø,2022-10-24,10.2,6,14.5,,2.3,1017.5
119,¼ö¿ø,2022-10-25,11.3,4.4,17.4,,1.3,1023.8
119,¼ö¿ø,2022-10-26,12.9,8.6,18.3,,1.5,1023.3
119,¼ö¿ø,2022-10-27,12.5,6.3,19.4,,1.4,1021.4
119,¼ö¿ø,2022-10-28,13.1,8.5,19.4,,1,1021.8
119,¼ö¿ø,2022-10-29,13.7,7.7,21.3,,1,1021.8
119,¼ö¿ø,2022-10-30,14.1,8.3,21,,1.1,1020.9
119,¼ö¿ø,2022-10-31,14.8,11.2,20.5,,1.5,1019.8
119,¼ö¿ø,2022-11-01,12.7,8.1,19.3,,1.3,1017.8
119,¼ö¿ø,2022-11-02,10,3.6,17.8,,1.2,1016.8
119,¼ö¿ø,2022-11-03,9.3,4.7,13.9,,1.7,1015.6
119,¼ö¿ø,2022-11-04,5.4,1.9,10.2,,2.4,1019.3
119,¼ö¿ø,2022-11-05,5.8,-1,13.1,,1.3,1021.1
119,¼ö¿ø,2022-11-06,8.8,2.8,15.8,,1.1,1020.3
119,¼ö¿ø,2022-11-07,10.7,3.6,16.8,0,1.1,1019
119,¼ö¿ø,2022-11-08,11.9,7,17.9,0.2,1.1,1020.4
119,¼ö¿ø,2022-11-09,10.3,5.1,16.7,,1,1021.2
119,¼ö¿ø,2022-11-10,12.2,6.6,19.2,,0.7,1020.5
119,¼ö¿ø,2022-11-11,14.4,7.5,22.1,,1.1,1020.7
119,¼ö¿ø,2022-11-12,15.8,9.2,22,34.7,1.6,1011.5
119,¼ö¿ø,2022-11-13,10.9,9.3,17.2,0,2.2,1011.4
119,¼ö¿ø,2022-11-14,9.7,5.6,13.9,,1.7,1014
119,¼ö¿ø,2022-11-15,7.5,2.9,12.3,2.5,1.1,1012.9
119,¼ö¿ø,2022-11-16,8.4,3.6,14.4,,1.2,1016.2
119,¼ö¿ø,2022-11-17,9.9,5.3,16.6,,1,1019.7
119,¼ö¿ø,2022-11-18,10,3.8,18.4,,0.9,1021.8
119,¼ö¿ø,2022-11-19,12.4,4.8,18.8,,1.7,1018.2
119,¼ö¿ø,2022-11-20,12.9,7.9,19.9,,1.2,1015.6
119,¼ö¿ø,2022-11-21,11.6,6.8,17.8,0,1.3,1017.2
119,¼ö¿ø,2022-11-22,10.7,5.9,15.3,0.1,1,1016.5
119,¼ö¿ø,2022-11-23,11,6.5,15.8,0,1.9,1013.6
119,¼ö¿ø,2022-11-24,9.1,4.7,15,,0.8,1016.9
119,¼ö¿ø,2022-11-25,10.8,4.9,16.9,0.8,1.8,1013.3
119,¼ö¿ø,2022-11-26,6.1,-0.1,12.5,0.1,2.1,1014.2
119,¼ö¿ø,2022-11-27,4.8,-2.8,12.6,,1.4,1016.3
119,¼ö¿ø,2022-11-28,11.8,4.7,15.9,10.4,2,1010
119,¼ö¿ø,2022-11-29,6.6,-1.3,13,2.6,3.6,1013.3
119,¼ö¿ø,2022-11-30,-5.4,-7.9,-1.2,,3.9,1027.7
119,¼ö¿ø,2022-12-01,-5.6,-9.2,-2.3,,1.6,1027.7
119,¼ö¿ø,2022-12-02,-3.5,-8.8,1.2,,1.1,1025.8
119,¼ö¿ø,2022-12-03,1.7,-1.7,6.5,0.4,1.7,1021.1
119,¼ö¿ø,2022-12-04,-3.6,-5.9,-0.7,,2.8,1027.4
